system;route;banner;name;roots
fragesd52;D1;-52;;frages.d000152
fragesd52;D2;-52;;frages.d000252
fragesd52;D2A;-52;;frages.d0002a52
fragesd52;D2B;-52;;frages.d0002b52
fragesd52;D3;-52;;frages.d000352
fragesd52;D4;-52;;frages.d000452
fragesd52;D5;-52;;frages.d000552
fragesd52;D5A;-52;;frages.d0005a52
fragesd52;D6;-52;;frages.d000652
fragesd52;D7;-52;;frages.d000752
fragesd52;D7A;-52;;frages.d0007a52
fragesd52;D8;-52;;frages.d000852
fragesd52;D8A;-52;;frages.d0008a52
fragesd52;D9;-52;;frages.d000952
fragesd52;D10;-52;;frages.d001052
fragesd52;D10C;-52;;frages.d0010c52
fragesd52;D11;-52;;frages.d001152
fragesd52;D12;-52;;frages.d001252
fragesd52;D13;-52;;frages.d001352
fragesd52;D14;-52;;frages.d001452
fragesd52;D15;-52;;frages.d001552
fragesd52;D16;-52;;frages.d001652
fragesd52;D16A;-52;;frages.d0016a52
fragesd52;D17;-52;;frages.d001752
fragesd52;D19;-52;;frages.d001952
fragesd52;D20;-52;;frages.d002052
fragesd52;D20A;-52;;frages.d0020a52
fragesd52;D21;-52;;frages.d002152
fragesd52;D21A;-52;;frages.d0021a52
fragesd52;D23;-52;;frages.d002352
fragesd52;D24;-52;;frages.d002452
fragesd52;D24A;-52;;frages.d0024a52
fragesd52;D25;-52;;frages.d002552
fragesd52;D26;-52;;frages.d002652
fragesd52;D27;-52;;frages.d002752
fragesd52;D33;-52;;frages.d003352
fragesd52;D33A;-52;;frages.d0033a52
fragesd52;D33B;-52;;frages.d0033b52
fragesd52;D34;-52;;frages.d003452
fragesd52;D35;-52;;frages.d003552
fragesd52;D35A;-52;;frages.d0035a52
fragesd52;D40;-52;;frages.d004052
fragesd52;D40A;-52;;frages.d0040a52
fragesd52;D44;-52;;frages.d004452
fragesd52;D51;-52;;frages.d005152
fragesd52;D52;-52;;frages.d005252
fragesd52;D53;-52;;frages.d005352
fragesd52;D54;-52;;frages.d005452
fragesd52;D55;-52;;frages.d005552
fragesd52;D60;-52;;frages.d006052
fragesd52;D65;-52;;frages.d006552
fragesd52;D65B;-52;;frages.d0065b52
fragesd52;D65C;-52;;frages.d0065c52
fragesd52;D67;-52;;frages.d006752
fragesd52;D67A;-52;;frages.d0067a52
fragesd52;D71;-52;;frages.d007152
fragesd52;D74;-52;;frages.d007452
fragesd52;D101;-52;;frages.d010152
fragesd52;D101A;-52;;frages.d0101a52
fragesd52;D102;-52;;frages.d010252
fragesd52;D103;-52;;frages.d010352
fragesd52;D104;-52;;frages.d010452
fragesd52;D104A;-52;;frages.d0104a52
fragesd52;D105;-52;;frages.d010552
fragesd52;D106;-52;;frages.d010652
fragesd52;D106A;-52;;frages.d0106a52
fragesd52;D107;-52;;frages.d010752
fragesd52;D107A;-52;;frages.d0107a52
fragesd52;D108;-52;;frages.d010852
fragesd52;D109;-52;;frages.d010952
fragesd52;D110;-52;;frages.d011052
fragesd52;D111;-52;;frages.d011152
fragesd52;D112;-52;;frages.d011252
fragesd52;D113;-52;;frages.d011352
fragesd52;D114;-52;;frages.d011452
fragesd52;D115;-52;;frages.d011552
fragesd52;D115A;-52;;frages.d0115a52
fragesd52;D116;-52;;frages.d011652
fragesd52;D117;-52;;frages.d011752
fragesd52;D118;-52;;frages.d011852
fragesd52;D118A;-52;;frages.d0118a52
fragesd52;D118B;-52;;frages.d0118b52
fragesd52;D119;-52;(Main);frages.d011952
fragesd52;D119;-52;Gonaincourt;frages.d011952gon
fragesd52;D120;-52;;frages.d012052
fragesd52;D120A;-52;;frages.d0120a52
fragesd52;D120B;-52;;frages.d0120b52
fragesd52;D120C;-52;;frages.d0120c52
fragesd52;D121;-52;;frages.d012152
fragesd52;D122;-52;;frages.d012252
fragesd52;D123;-52;;frages.d012352
fragesd52;D124;-52;;frages.d012452
fragesd52;D124A;-52;;frages.d0124a52
fragesd52;D124B;-52;;frages.d0124b52
fragesd52;D125;-52;;frages.d012552
fragesd52;D125A;-52;;frages.d0125a52
fragesd52;D125B;-52;;frages.d0125b52
fragesd52;D125C;-52;;frages.d0125c52
fragesd52;D125D;-52;;frages.d0125d52
fragesd52;D125E;-52;;frages.d0125e52
fragesd52;D125F;-52;;frages.d0125f52
fragesd52;D126;-52;;frages.d012652
fragesd52;D127;-52;;frages.d012752
fragesd52;D128;-52;;frages.d012852
fragesd52;D128A;-52;;frages.d0128a52
fragesd52;D129;-52;Saint-Loup-sur-Aujon;frages.d012952lou
fragesd52;D129;-52;Vivey;frages.d012952
fragesd52;D130;-52;Merrey;frages.d013052
fragesd52;D130;-52;Laneuvelle;frages.d013052lan
fragesd52;D130A;-52;;frages.d0130a52
fragesd52;D130B;-52;;frages.d0130b52
fragesd52;D130C;-52;;frages.d0130c52
fragesd52;D131;-52;;frages.d013152
fragesd52;D131A;-52;;frages.d0131a52
fragesd52;D132;-52;;frages.d013252
fragesd52;D132A;-52;;frages.d0132a52
fragesd52;D133;-52;;frages.d013352
fragesd52;D134;-52;;frages.d013452
fragesd52;D135;-52;;frages.d013552
fragesd52;D136;-52;;frages.d013652
fragesd52;D137;-52;Cirey-lès-Mareilles;frages.d013752
fragesd52;D137;-52;Forcey;frages.d013752for
fragesd52;D138;-52;;frages.d013852
fragesd52;D138A;-52;;frages.d0138a52
fragesd52;D139;-52;;frages.d013952
fragesd52;D139A;-52;;frages.d0139a52
fragesd52;D139B;-52;;frages.d0139b52
fragesd52;D140;-52;;frages.d014052
fragesd52;D140A;-52;;frages.d0140a52
fragesd52;D140B;-52;;frages.d0140b52
fragesd52;D141;-52;;frages.d014152
fragesd52;D141A;-52;;frages.d0141a52
fragesd52;D141B;-52;;frages.d0141b52
fragesd52;D141C;-52;;frages.d0141c52
fragesd52;D141D;-52;;frages.d0141d52
fragesd52;D141E;-52;;frages.d0141e52
fragesd52;D141F;-52;;frages.d0141f52
fragesd52;D142;-52;;frages.d014252
fragesd52;D143;-52;;frages.d014352
fragesd52;D143A;-52;;frages.d0143a52
fragesd52;D144;-52;;frages.d014452
fragesd52;D145;-52;;frages.d014552
fragesd52;D146;-52;;frages.d014652
fragesd52;D147;-52;;frages.d014752
fragesd52;D147A;-52;;frages.d0147a52
fragesd52;D148;-52;;frages.d014852
fragesd52;D149;-52;;frages.d014952
fragesd52;D150;-52;;frages.d015052
fragesd52;D151;-52;;frages.d015152
fragesd52;D152;-52;;frages.d015252
fragesd52;D153;-52;;frages.d015352
fragesd52;D153A;-52;;frages.d0153a52
fragesd52;D154;-52;;frages.d015452
fragesd52;D155;-52;;frages.d015552
fragesd52;D156;-52;;frages.d015652
fragesd52;D157;-52;;frages.d015752
fragesd52;D158;-52;;frages.d015852
fragesd52;D158A;-52;;frages.d0158a52
fragesd52;D159;-52;;frages.d015952
fragesd52;D160;-52;;frages.d016052
fragesd52;D161;-52;Sarcicourt;frages.d016152sar
fragesd52;D161;-52;Chaumont;frages.d016152
fragesd52;D161;-52;Mareilles;frages.d016152mar
fragesd52;D161A;-52;;frages.d0161a52
fragesd52;D162;-52;;frages.d016252
fragesd52;D163;-52;;frages.d016352
fragesd52;D164;-52;;frages.d016452
fragesd52;D166;-52;;frages.d016652
fragesd52;D167;-52;;frages.d016752
fragesd52;D167A;-52;;frages.d0167a52
fragesd52;D168;-52;Autigny-le-Grand;frages.d016852
fragesd52;D168;-52;Thonnance-lès-Joinville;frages.d016852tho
fragesd52;D169;-52;;frages.d016952
fragesd52;D170;-52;;frages.d017052
fragesd52;D171;-52;Germay;frages.d017152ger
fragesd52;D171;-52;Isômes;frages.d017152
fragesd52;D171A;-52;;frages.d0171a52
fragesd52;D172;-52;;frages.d017252
fragesd52;D173;-52;;frages.d017352
fragesd52;D174;-52;;frages.d017452
fragesd52;D174A;-52;;frages.d0174a52
fragesd52;D175;-52;;frages.d017552
fragesd52;D175A;-52;;frages.d0175a52
fragesd52;D176;-52;;frages.d017652
fragesd52;D177;-52;;frages.d017752
fragesd52;D177A;-52;;frages.d0177a52
fragesd52;D178A;-52;;frages.d0178a52
fragesd52;D178B;-52;;frages.d0178b52
fragesd52;D178C;-52;;frages.d0178c52
fragesd52;D179;-52;;frages.d017952
fragesd52;D180;-52;Narcy;frages.d018052
fragesd52;D180;-52;Maizieres;frages.d018052mai
fragesd52;D181;-52;;frages.d018152
fragesd52;D182;-52;;frages.d018252
fragesd52;D183;-52;;frages.d018352
fragesd52;D184;-52;;frages.d018452
fragesd52;D184A;-52;;frages.d0184a52
fragesd52;D185;-52;;frages.d018552
fragesd52;D186;-52;;frages.d018652
fragesd52;D186A;-52;;frages.d0186a52
fragesd52;D187;-52;;frages.d018752
fragesd52;D188;-52;;frages.d018852
fragesd52;D188A;-52;;frages.d0188a52
fragesd52;D189;-52;;frages.d018952
fragesd52;D190;-52;;frages.d019052
fragesd52;D191;-52;;frages.d019152
fragesd52;D192;-52;;frages.d019252
fragesd52;D192A;-52;;frages.d0192a52
fragesd52;D193;-52;;frages.d019352
fragesd52;D193A;-52;;frages.d0193a52
fragesd52;D193B;-52;;frages.d0193b52
fragesd52;D193C;-52;;frages.d0193c52
fragesd52;D194;-52;;frages.d019452
fragesd52;D195;-52;;frages.d019552
fragesd52;D196;-52;;frages.d019652
fragesd52;D196A;-52;;frages.d0196a52
fragesd52;D196B;-52;;frages.d0196b52
fragesd52;D196C;-52;;frages.d0196c52
fragesd52;D197;-52;;frages.d019752
fragesd52;D197A;-52;;frages.d0197a52
fragesd52;D198;-52;;frages.d019852
fragesd52;D199;-52;;frages.d019952
fragesd52;D200;-52;Joinville;frages.d020052joi
fragesd52;D200;-52;Gudmont;frages.d020052gud
fragesd52;D200;-52;Bologne;frages.d020052
fragesd52;D200A;-52;;frages.d0200a52
fragesd52;D200B;-52;;frages.d0200b52
fragesd52;D200D;-52;;frages.d0200d52
fragesd52;D201;-52;;frages.d020152
fragesd52;D202;-52;;frages.d020252
fragesd52;D203;-52;;frages.d020352
fragesd52;D204;-52;;frages.d020452
fragesd52;D205;-52;;frages.d020552
fragesd52;D206;-52;;frages.d020652
fragesd52;D207;-52;;frages.d020752
fragesd52;D208;-52;;frages.d020852
fragesd52;D209;-52;;frages.d020952
fragesd52;D210;-52;Huilliécourt;frages.d021052
fragesd52;D210;-52;Champigneulles-en-Bassigny;frages.d021052cha
fragesd52;D211;-52;Créancey;frages.d021152cre
fragesd52;D211;-52;Dancevoir;frages.d021152
fragesd52;D211A;-52;;frages.d0211a52
fragesd52;D211B;-52;;frages.d0211b52
fragesd52;D212;-52;;frages.d021252
fragesd52;D213;-52;;frages.d021352
fragesd52;D214;-52;;frages.d021452
fragesd52;D215;-52;;frages.d021552
fragesd52;D215A;-52;;frages.d0215a52
fragesd52;D216;-52;;frages.d021652
fragesd52;D217;-52;Mussey-sur-Marne;frages.d021752
fragesd52;D217;-52;Vaux-sur-Saint-Urbain;frages.d021752vau
fragesd52;D218;-52;;frages.d021852
fragesd52;D219;-52;;frages.d021952
fragesd52;D219A;-52;;frages.d0219a52
fragesd52;D220;-52;;frages.d022052
fragesd52;D220A;-52;;frages.d0220a52
fragesd52;D221;-52;;frages.d022152
fragesd52;D221A;-52;;frages.d0221a52
fragesd52;D222;-52;;frages.d022252
fragesd52;D223;-52;;frages.d022352
fragesd52;D223A;-52;;frages.d0223a52
fragesd52;D223B;-52;;frages.d0223b52
fragesd52;D224;-52;;frages.d022452
fragesd52;D225;-52;;frages.d022552
fragesd52;D225A;-52;;frages.d0225a52
fragesd52;D227;-52;;frages.d022752
fragesd52;D228;-52;;frages.d022852
fragesd52;D229;-52;;frages.d022952
fragesd52;D230;-52;;frages.d023052
fragesd52;D231;-52;;frages.d023152
fragesd52;D231A;-52;;frages.d0231a52
fragesd52;D232;-52;Colombey-lès-Choiseul;frages.d023252col
fragesd52;D232;-52;Choiseul;frages.d023252
fragesd52;D233;-52;;frages.d023352
fragesd52;D234;-52;;frages.d023452
fragesd52;D235;-52;;frages.d023552
fragesd52;D236;-52;;frages.d023652
fragesd52;D237;-52;;frages.d023752
fragesd52;D238;-52;;frages.d023852
fragesd52;D238A;-52;;frages.d0238a52
fragesd52;D239;-52;;frages.d023952
fragesd52;D240;-52;;frages.d024052
fragesd52;D241;-52;;frages.d024152
fragesd52;D242;-52;;frages.d024252
fragesd52;D242A;-52;;frages.d0242a52
fragesd52;D242B;-52;;frages.d0242b52
fragesd52;D242C;-52;;frages.d0242c52
fragesd52;D242D;-52;;frages.d0242d52
fragesd52;D243;-52;;frages.d024352
fragesd52;D243A;-52;;frages.d0243a52
fragesd52;D244;-52;;frages.d024452
fragesd52;D244A;-52;;frages.d0244a52
fragesd52;D244B;-52;;frages.d0244b52
fragesd52;D245;-52;;frages.d024552
fragesd52;D246;-52;;frages.d024652
fragesd52;D247;-52;;frages.d024752
fragesd52;D248;-52;;frages.d024852
fragesd52;D249;-52;;frages.d024952
fragesd52;D250;-52;;frages.d025052
fragesd52;D251;-52;;frages.d025152
fragesd52;D252;-52;;frages.d025252
fragesd52;D253;-52;;frages.d025352
fragesd52;D254;-52;;frages.d025452
fragesd52;D255;-52;;frages.d025552
fragesd52;D256;-52;;frages.d025652
fragesd52;D256A;-52;;frages.d0256a52
fragesd52;D257;-52;;frages.d025752
fragesd52;D258;-52;;frages.d025852
fragesd52;D259;-52;;frages.d025952
fragesd52;D260;-52;;frages.d026052
fragesd52;D261;-52;;frages.d026152
fragesd52;D262;-52;;frages.d026252
fragesd52;D262A;-52;;frages.d0262a52
fragesd52;D263;-52;;frages.d026352
fragesd52;D263A;-52;;frages.d0263a52
fragesd52;D264;-52;;frages.d026452
fragesd52;D265;-52;;frages.d026552
fragesd52;D266;-52;;frages.d026652
fragesd52;D268;-52;;frages.d026852
fragesd52;D269;-52;;frages.d026952
fragesd52;D269A;-52;;frages.d0269a52
fragesd52;D270;-52;;frages.d027052
fragesd52;D271;-52;;frages.d027152
fragesd52;D272;-52;;frages.d027252
fragesd52;D275;-52;;frages.d027552
fragesd52;D276;-52;;frages.d027652
fragesd52;D276A;-52;;frages.d0276a52
fragesd52;D276B;-52;;frages.d0276b52
fragesd52;D277;-52;;frages.d027752
fragesd52;D278;-52;;frages.d027852
fragesd52;D279;-52;;frages.d027952
fragesd52;D280;-52;;frages.d028052
fragesd52;D281;-52;;frages.d028152
fragesd52;D281A;-52;;frages.d0281a52
fragesd52;D281B;-52;;frages.d0281b52
fragesd52;D281C;-52;;frages.d0281c52
fragesd52;D282;-52;;frages.d028252
fragesd52;D283;-52;;frages.d028352
fragesd52;D284;-52;;frages.d028452
fragesd52;D286;-52;;frages.d028652
fragesd52;D287;-52;;frages.d028752
fragesd52;D287A;-52;;frages.d0287a52
fragesd52;D288;-52;;frages.d028852
fragesd52;D289;-52;;frages.d028952
fragesd52;D289A;-52;;frages.d0289a52
fragesd52;D290;-52;;frages.d029052
fragesd52;D291;-52;;frages.d029152
fragesd52;D291A;-52;;frages.d0291a52
fragesd52;D292;-52;;frages.d029252
fragesd52;D292A;-52;;frages.d0292a52
fragesd52;D293;-52;;frages.d029352
fragesd52;D293A;-52;;frages.d0293a52
fragesd52;D294;-52;;frages.d029452
fragesd52;D294A;-52;;frages.d0294a52
fragesd52;D295;-52;;frages.d029552
fragesd52;D295A;-52;;frages.d0295a52
fragesd52;D296;-52;;frages.d029652
fragesd52;D297;-52;;frages.d029752
fragesd52;D298;-52;;frages.d029852
fragesd52;D299;-52;Chatoillenot;frages.d029952cha
fragesd52;D299;-52;(Main);frages.d029952
fragesd52;D300;-52;;frages.d030052
fragesd52;D300A;-52;;frages.d0300a52
fragesd52;D301;-52;;frages.d030152
fragesd52;D302;-52;;frages.d030252
fragesd52;D303A;-52;;frages.d0303a52
fragesd52;D303B;-52;;frages.d0303b52
fragesd52;D303C;-52;;frages.d0303c52
fragesd52;D303D;-52;;frages.d0303d52
fragesd52;D303E;-52;;frages.d0303e52
fragesd52;D303F;-52;;frages.d0303f52
fragesd52;D303G;-52;;frages.d0303g52
fragesd52;D304;-52;;frages.d030452
fragesd52;D305;-52;;frages.d030552
fragesd52;D306;-52;(Main);frages.d030652
fragesd52;D306;-52;Tornay;frages.d030652tor
fragesd52;D307;-52;;frages.d030752
fragesd52;D308;-52;;frages.d030852
fragesd52;D308A;-52;;frages.d0308a52
fragesd52;D308B;-52;;frages.d0308b52
fragesd52;D310;-52;;frages.d031052
fragesd52;D310A;-52;;frages.d0310a52
fragesd52;D311;-52;;frages.d031152
fragesd52;D312;-52;;frages.d031252
fragesd52;D312A;-52;;frages.d0312a52
fragesd52;D312B;-52;;frages.d0312b52
fragesd52;D313;-52;;frages.d031352
fragesd52;D313A;-52;;frages.d0313a52
fragesd52;D314;-52;;frages.d031452
fragesd52;D315;-52;;frages.d031552
fragesd52;D316;-52;;frages.d031652
fragesd52;D317;-52;;frages.d031752
fragesd52;D318;-52;;frages.d031852
fragesd52;D320;-52;;frages.d032052
fragesd52;D321;-52;;frages.d032152
fragesd52;D322;-52;;frages.d032252
fragesd52;D323;-52;;frages.d032352
fragesd52;D324;-52;;frages.d032452
fragesd52;D325;-52;;frages.d032552
fragesd52;D326;-52;;frages.d032652
fragesd52;D327;-52;;frages.d032752
fragesd52;D328;-52;;frages.d032852
fragesd52;D329;-52;;frages.d032952
fragesd52;D330;-52;;frages.d033052
fragesd52;D331;-52;;frages.d033152
fragesd52;D332;-52;;frages.d033252
fragesd52;D333;-52;;frages.d033352
fragesd52;D334;-52;;frages.d033452
fragesd52;D335;-52;(Main);frages.d033552
fragesd52;D335;-52;Gourzon;frages.d033552gou
fragesd52;D335A;-52;;frages.d0335a52
fragesd52;D384;-52;;frages.d038452
fragesd52;D384A;-52;;frages.d0384a52
fragesd52;D396;-52;;frages.d039652
fragesd52;D400;-52;;frages.d040052
fragesd52;D417;-52;;frages.d041752
fragesd52;D417A;-52;;frages.d0417a52
fragesd52;D427;-52;;frages.d042752
fragesd52;D427A;-52;;frages.d0427a52
fragesd52;D428;-52;;frages.d042852
fragesd52;D428E;-52;;frages.d0428e52
fragesd52;D429;-52;;frages.d042952
fragesd52;D460;-52;;frages.d046052
fragesd52;D520;-52;;frages.d052052
fragesd52;D619;-52;;frages.d061952
fragesd52;D619E;-52;;frages.d0619e52
fragesd52;D635;-52;;frages.d063552
fragesd52;D674;-52;;frages.d067452
fragesd52;D974;-52;;frages.d097452
