systemName;route;banner;groupName;roots
jpnh;N1;;;jpn.n001
jpnh;N1;;Daini Keihan Road;jpn.n001dkr
jpnh;N1;;Fujieda Spur;jpn.n001fuj
jpnh;N1;;Hokusei Bypass;jpn.n001hok
jpnh;N1;;Izu-Jūkan Expressway;jpn.n001izu
jpnh;N1;;Keiji Bypass;jpn.n001kei
jpnh;N1;;Keiji Bypass Kumiyama;jpn.n001kum
jpnh;N1;;Nissaka Old Road;jpn.n001nis
jpnh;N1;;Seishou Bypass-Hakone New Road;jpn.n001oda
jpnh;N1;;Keiji Bypass Ōtsu;jpn.n001ots
jpnh;N1;;Rittō-Minakuchi Road;jpn.n001rit
jpnh;N1;;Seishin Bypass;jpn.n001sei
jpnh;N1;;Shinshou South Bypass;jpn.n001shi
jpnh;N1;;Totsuka Old Road;jpn.n001tot
jpnh;N1;;Totsuka Yabechō Old Road;jpn.n001yab
jpnh;N1;;Yokohama Bypass;jpn.n001yok
jpnh;N2;;;jpn.n002
jpnh;N2;;Daini Shinmei Road;jpn.n002dsm
jpnh;N2;;East Hiroshima Bypass;jpn.n002eh
jpnh;N2;;Hamate Bypass;jpn.n002ham
jpnh;N2;;Kasaoka Bypass east segment;jpn.n002kae
jpnh;N2;;Kakogawa-Himeiji Bypass;jpn.n002kak
jpnh;N2;;Kanmon Pedestrian Tunnel;jpn.n002kan
jpnh;N2;;Kasaoka Bypass;jpn.n002kas
jpnh;N2;;Kōbe Nishi Bypass;jpn.n002knb
jpnh;N2;;Kōbe Nishi Bypass Toll Road;jpn.n002knt
jpnh;N2;;Kōbe Nishi Bypass west segment;jpn.n002knw
jpnh;N2;;Onomichi Bypass;jpn.n002ono
jpnh;N2;;Hiroshima South Bypass east segment;jpn.n002she
jpnh;N2;;Hiroshima South Bypass west segment;jpn.n002shw
jpnh;N2;;Tamashima-Kasaoka Bypass;jpn.n002tam
jpnh;N2;;West Hiroshima Bypass;jpn.n002wh
jpnh;N3;;;jpn.n003
jpnh;N3;;Hakata Bypass;jpn.n003hak
jpnh;N3;;Izumi Bypass;jpn.n003izu
jpnh;N3;;Kagoshima Bypass;jpn.n003kag
jpnh;N3;;Kumamoto North Bypass;jpn.n003kum
jpnh;N3;;Kurosaki Bypass;jpn.n003kur
jpnh;N3;;Ueki Bypass;jpn.n003uek
jpnh;N3;;Yatsushiro Bypass;jpn.n003yat
jpnh;N4;;;jpn.n004
jpnh;N4;;Mizusawa Higashi Bypass;jpn.n004miz
jpnh;N4;;Nishinasuno Road;jpn.n004nas
jpnh;N4;;Higashi Saitama Bypass;jpn.n004sai
jpnh;N4;;Tsukidate Bypass;jpn.n004tsu
jpnh;N4;;Koshigaya-Utsunomiya Bypass;jpn.n004uts
jpnh;N5;;;jpn.n005
jpnh;N5;;Hakodate New Road;jpn.n005hak
jpnh;N5;;Kuromatsunai New Road;jpn.n005kur
jpnh;N5;;Yoichi Road;jpn.n005yoi
jpnh;N6;;;jpn.n006
jpnh;N6;;Hitachi Bypass;jpn.n006hit
jpnh;N6;;Higashi Mito Road;jpn.n006hmr
jpnh;N6;;Sendai-Nanbu Road;jpn.n006snr
jpnh;N6;;Sendai-Tōbu Expressway;jpn.n006ste
jpnh;N6;;Ushiku-Tsuchiura Bypass;jpn.n006ush
jpnh;N6;;Ushiku-Tsuchiura Bypass South;jpn.n006uss
jpnh;N6;;Shin Yotsugi Bridge;jpn.n006yot
jpnh;N7;;;jpn.n007
jpnh;N7;;Aomori Bypass;jpn.n007aom
jpnh;N7;;Bandajima Route;jpn.n007ban
jpnh;N7;;Noshiro section E7Aki;jpn.n007nos
jpnh;N7;;Odate section E7Oda;jpn.n007oda
jpnh;N7;;Yurihonjo section E7Aki;jpn.n007yur
jpnh;N8;;;jpn.n008
jpnh;N8;;Imamachi Spur;jpn.n008ima
jpnh;N8;;Itoigawa East Bypass;jpn.n008ito
jpnh;N8;;Kanayama Bypass;jpn.n008kan
jpnh;N8;;Kashiwazaki Bypass;jpn.n008kas
jpnh;N8;;Maihara Bypass;jpn.n008mai
jpnh;N8;;Oyabe Bypass;jpn.n008oya
jpnh;N8;;Tsuruga Bypass;jpn.n008tsu
jpnh;N9;;;jpn.n009
jpnh;N9;;Aoya-Hawai Access Road;jpn.n009aoy
jpnh;N9;;Gōtsu Bypass;jpn.n009got
jpnh;N9;;Hamada Bypass;jpn.n009ham
jpnh;N9;;Masuda Road;jpn.n009kus
jpnh;N9;;Masuda Road;jpn.n009mas
jpnh;N9;;Matsue Bypass;jpn.n009mat
jpnh;N9;;Muraoka Old Road;jpn.n009mur
jpnh;N9;;Oda Bypass;jpn.n009oda
jpnh;N9;;Tottori Bypass;jpn.n009tot
jpnh;N9;;Yonago Spur;jpn.n009yon
jpnh;N10;;;jpn.n010
jpnh;N10;;Hayato Bypass;jpn.n010hay
jpnh;N10;;Kagoshima North Bypass;jpn.n010kag
jpnh;N10;;Kajiki Bypass;jpn.n010kaj
jpnh;N10;;Miyakonojo-Shibushi Road;jpn.n010miy
jpnh;N10;;Nobeoka Bypass;jpn.n010nob
jpnh;N10;;Ōita South Bypass;jpn.n010oit
jpnh;N10;;Shīda Bypass;jpn.n010shi
jpnh;N10;;Totoro Bypass;jpn.n010tot
jpnh;N10;;Usa-Beppu Bypass;jpn.n010usa
jpnh;N11;;;jpn.n011
jpnh;N11;;Kawanoe-Mishima Bypass;jpn.n011kaw
jpnh;N11;;Komatsu Bypass East;jpn.n011koe
jpnh;N11;;Komatsu Bypass;jpn.n011kom
jpnh;N11;;Niihama Bypass;jpn.n011nii
jpnh;N11;;Ōchi-Shirotori Bypass;jpn.n011och
jpnh;N11;;Saijo Bypass;jpn.n011sai
jpnh;N11;;Takamatsu East Bypass;jpn.n011tak
jpnh;N12;;;jpn.n012
jpnh;N12;;Asahikawa Bypass;jpn.n012asa
jpnh;N12;;Takikawa Bypass;jpn.n012tak
jpnh;N13;;;jpn.n013
jpnh;N13;;Fukushima West Road;jpn.n013fwr
jpnh;N13;;Nozoki section E13;jpn.n013noz
jpnh;N13;;Shinjo section E13;jpn.n013shi
jpnh;N13;;Takahata section E13;jpn.n013tak
jpnh;N13;;Yokote section E13;jpn.n013yok
jpnh;N14;;;jpn.n014
jpnh;N14;;Funabashi Spur;jpn.n014fun
jpnh;N14;;Keiyō Road;jpn.n014kei
jpnh;N15;;;jpn.n015
jpnh;N16;;Tōkyō Ring Road;jpn.n016
jpnh;N16;;Hachioji Bypass;jpn.n016hac
jpnh;N16;;Hodogaya Bypass;jpn.n016hod
jpnh;N16;;Kanazawa Branch Line;jpn.n016nam
jpnh;N16;;Tōkyō Ring Road Yokosuka;jpn.n016yok
jpnh;N16;;Yokohama-Yokosuka Road;jpn.n016yyr
jpnh;N17;;;jpn.n017
jpnh;N17;;Ageo Road;jpn.n017age
jpnh;N17;;Fukaya Bypass;jpn.n017fuk
jpnh;N17;;Jōbu Road;jpn.n017job
jpnh;N17;;Kumagaya Bypass;jpn.n017kum
jpnh;N17;;Muikamachi Bypass;jpn.n017mui
jpnh;N17;;Shin Ōmiya Bypass;jpn.n017omi
jpnh;N17;;Shibukawa West Bypass;jpn.n017shi
jpnh;N17;;Urasa Bypass;jpn.n017ura
jpnh;N18;;;jpn.n018
jpnh;N18;;Karuizawa Bypass;jpn.n018kar
jpnh;N18;;Nagano Higashi Bypass;jpn.n018nag
jpnh;N18;;Sakaki-Kōshoku Bypass;jpn.n018sak
jpnh;N18;;Shinanomachi Spur;jpn.n018shi
jpnh;N18;;Ueda Bypass;jpn.n018ued
jpnh;N19;;;jpn.n019
jpnh;N19;;Nagano Minami Bypass;jpn.n019nag
jpnh;N20;;;jpn.n020
jpnh;N20;;Hachioji Minami Bypass;jpn.n020hac
jpnh;N20;;Hachioji Minami Bypass Mejiro;jpn.n020mej
jpnh;N20;;Ōtsuki Bypass;jpn.n020ots
jpnh;N20;;Shimosuwa-Okaya Bypass;jpn.n020shi
jpnh;N20;;Suwa Bypass;jpn.n020suw
jpnh;N21;;;jpn.n021
jpnh;N21;;Mitake Old Road;jpn.n021mit
jpnh;N21;;Sekigahara Bypass;jpn.n021sek
jpnh;N22;;;jpn.n022
jpnh;N23;;;jpn.n023
jpnh;N23;;Chūsei Bypass;jpn.n023chu
jpnh;N23;;Kota Spur;jpn.n023kot
jpnh;N23;;Toyoaki Connector;jpn.n023toy
jpnh;N24;;;jpn.n024
jpnh;N24;;Kashihara Bypass;jpn.n024kas
jpnh;N24;;Keinawa Expressway;jpn.n024kei
jpnh;N24;;Kashihara Bypass Tenri;jpn.n024ten
jpnh;N24;;Wakayama Bypass;jpn.n024wak
jpnh;N25;;;jpn.n025
jpnh;N25;;Ikaruga Parkway;jpn.n025ika
jpnh;N25;;Meihan Expressway;jpn.n025mei
jpnh;N25;;Naniwa Bypass;jpn.n025nan
jpnh;N26;;;jpn.n026
jpnh;N27;;;jpn.n027
jpnh;N28;;Kōbe;jpn.n028
jpnh;N28;;Awajishima;jpn.n028awa
jpnh;N28;;Iwaji Spur;jpn.n028iwa
jpnh;N28;;Kōbe-Awaji-Naruto Expressway;jpn.n028kan
jpnh;N28;;Tokushima;jpn.n028tok
jpnh;N29;;;jpn.n029
jpnh;N30;;;jpn.n030
jpnh;N30;;Seto Chūo Expressway;jpn.n030set
jpnh;N30;;Takamatsu;jpn.n030tak
jpnh;N31;;;jpn.n031
jpnh;N31;;Hiroshima-Kure Road;jpn.n031kur
jpnh;N32;;;jpn.n032
jpnh;N32;;Kōchi Spur;jpn.n032koc
jpnh;N33;;;jpn.n033
jpnh;N33;;Matsuyama Outer Ring Road;jpn.n033mat
jpnh;N34;;;jpn.n034
jpnh;N34;;Nagasaki Bypass;jpn.n034nag
jpnh;N34;;Nagasaki Bypass Showa Spur;jpn.n034sho
jpnh;N34;;Takeo Bypass;jpn.n034tak
jpnh;N35;;;jpn.n035
jpnh;N36;;;jpn.n036
jpnh;N37;;;jpn.n037
jpnh;N37;;Hakuchō Bypass;jpn.n037hak
jpnh;N38;;;jpn.n038
jpnh;N38;;Furano Bypass;jpn.n038fur
jpnh;N38;;Kushiro Bypass;jpn.n038kus
jpnh;N39;;;jpn.n039
jpnh;N39;;Bihoro Bypass;jpn.n039bih
jpnh;N39;;Kitami Road;jpn.n039kit
jpnh;N40;;;jpn.n040
jpnh;N40;;Nayoro-Bifuka Road;jpn.n040nay
jpnh;N40;;Toyotomi Bypass;jpn.n040toy
jpnh;N41;;;jpn.n041
jpnh;N42;;Aichi;jpn.n042
jpnh;N42;;Arida Kainan Road;jpn.n042ari
jpnh;N42;;Arida Kainan Road South Section;jpn.n042ars
jpnh;N42;;Hanwa Expressway Gobo;jpn.n042gob
jpnh;N42;;Ise Futami Toba Line;jpn.n042ift
jpnh;N42;;Kiho Expressway;jpn.n042kih
jpnh;N42;;Kii;jpn.n042kii
jpnh;N42;;Kumano-Owase Road;jpn.n042owa
jpnh;N42;;Nachikatsuura-Shingu Road;jpn.n042shi
jpnh;N43;;;jpn.n043
jpnh;N44;;;jpn.n044
jpnh;N44;;Kushiro Bypass;jpn.n044kus
jpnh;N44;;Nemuro Bypass;jpn.n044nem
jpnh;N45;;;jpn.n045
jpnh;N45;;Kamaishi Spur;jpn.n045kam
jpnh;N45;;Sanriku Expressway;jpn.n045san
jpnh;N46;;;jpn.n046
jpnh;N47;;;jpn.n047
jpnh;N47;;Motoaikai Old Road;jpn.n047mot
jpnh;N47;;Sendai-Hokubu Expressway;jpn.n047shr
jpnh;N48;;;jpn.n048
jpnh;N49;;;jpn.n049
jpnh;N49;;Mikawa Old Road;jpn.n049mik
jpnh;N49;;Tsugawa Old Road;jpn.n049tsu
jpnh;N50;;;jpn.n050
jpnh;N50;;Mito Bypass;jpn.n050mit
jpnh;N51;;;jpn.n051
jpnh;N51;;Jingu Bridge Old Road;jpn.n051jin
jpnh;N51;;Kita Chiba Bypass;jpn.n051kc
jpnh;N52;;;jpn.n052
jpnh;N53;;;jpn.n053
jpnh;N53;;Tsuyama Bypass;jpn.n053tsu
jpnh;N54;;;jpn.n054
jpnh;N55;;;jpn.n055
jpnh;N55;;Anan Road;jpn.n055ana
jpnh;N55;;Hiwasa Road;jpn.n055kik
jpnh;N55;;Kōchi-Tōbu Expressway;jpn.n055koc
jpnh;N56;;;jpn.n056
jpnh;N56;;Kubokawa-Saga Road;jpn.n056kub
jpnh;N56;;Matsuyama Outer Ring Road;jpn.n056mat
jpnh;N56;;Nakamura-Sukumo Road;jpn.n056nak
jpnh;N56;;Ōzu Kita Spur;jpn.n056ozk
jpnh;N56;;Ōzu Road;jpn.n056ozu
jpnh;N56;;Susaki Road;jpn.n056sus
jpnh;N56;;Uwajima Road;jpn.n056uwa
jpnh;N57;;;jpn.n057
jpnh;N57;;Kitagawa-Fukkyū Road;jpn.n057kit
jpnh;N57;;Nagasaki;jpn.n057nag
jpnh;N57;;Shimabara Road;jpn.n057shi
jpnh;N58;;Kagoshima;jpn.n058
jpnh;N58;;Amami Oshima;jpn.n058ama
jpnh;N58;;Ginowan Bypass;jpn.n058gin
jpnh;N58;;Nago East Bypass;jpn.n058nag
jpnh;N58;;Naha West Road;jpn.n058nah
jpnh;N58;;Okinawa;jpn.n058oki
jpnh;N58;;Onna Bypass;jpn.n058onn
jpnh;N58;;Onna South Bypass;jpn.n058ons
jpnh;N58;;Tanegashima;jpn.n058tan
jpnh;N58;;Urasoe North Road;jpn.n058ura
jpnh;N58;;Yomitan Road N segment;jpn.n058yon
jpnh;N58;;Yomitan Road S segment;jpn.n058yos
jpnh;N101;;;jpn.n101
jpnh;N101;;Ajigasawa section E64Aji;jpn.n101aji
jpnh;N101;;Tsugaru Expressway E64;jpn.n101tsu
jpnh;N102;;;jpn.n102
jpnh;N102;;Oirase Bypass;jpn.n102oir
jpnh;N103;;;jpn.n103
jpnh;N103;;Utarube Old Road;jpn.n103uta
jpnh;N103;;Yokouchi Old Road;jpn.n103yok
jpnh;N104;;;jpn.n104
jpnh;N105;;;jpn.n105
jpnh;N105;;Ōmagari Nishi Road;jpn.n105oma
jpnh;N106;;;jpn.n106
jpnh;N106;;Miyako-Hakoishi Rd Hakoishi section;jpn.n106hak
jpnh;N106;;Miyako-Hakoishi Rd Haratai section;jpn.n106har
jpnh;N106;;Hiratsuto-Matsukusa Rd Hiratsuto section;jpn.n106hir
jpnh;N106;;Kuzakai Road;jpn.n106kuz
jpnh;N106;;Miyako Nishi Road;jpn.n106miy
jpnh;N106;;Miyako-Hakoishi Rd Shimokawai section;jpn.n106shi
jpnh;N106;;Tonan-Kawame Road;jpn.n106ton
jpnh;N107;;;jpn.n107
jpnh;N108;;;jpn.n108
jpnh;N108;;Furukawa Higashi Bypass;jpn.n108fur
jpnh;N108;;Naruko Old Road;jpn.n108nar
jpnh;N108;;Shimokogawa Old Road;jpn.n108shi
jpnh;N112;;;jpn.n112
jpnh;N112;;Gassan Road;jpn.n112gas
jpnh;N113;;;jpn.n113
jpnh;N113;;Otsuka Old Road;jpn.n113ots
jpnh;N113;;Tōkōsen Bypass;jpn.n113tok
jpnh;N114;;;jpn.n114
jpnh;N115;;;jpn.n115
jpnh;N115;;Fukushima Bypass E13;jpn.n115fuk
jpnh;N115;;Sōma Old Road;jpn.n115som
jpnh;N116;;;jpn.n116
jpnh;N117;;;jpn.n117
jpnh;N118;;;jpn.n118
jpnh;N118;;Hosaka Pass Old Road;jpn.n118hos
jpnh;N118;;Onumazaki Bypass;jpn.n118onu
jpnh;N118;;Wakamatsu Nishi Bypass;jpn.n118wak
jpnh;N119;;;jpn.n119
jpnh;N119;;Nikkō Old Road;jpn.n119nik
jpnh;N119;;Nikkō-Utsunomiya Road;jpn.n119nur
jpnh;N119;;Utsunomiya Ring Road - North Road;jpn.n119uts
jpnh;N120;;;jpn.n120
jpnh;N120;;Iroha Road #1;jpn.n120iro
jpnh;N120;;Nikkō-Utsunomiya Road;jpn.n120nik
jpnh;N121;;;jpn.n121
jpnh;N121;;Aizu Jūkan North Road;jpn.n121aiz
jpnh;N121;;Ikari Old Road;jpn.n121ika
jpnh;N121;;Imaichi Spur;jpn.n121ima
jpnh;N121;;Itabashi Bypass;jpn.n121ita
jpnh;N121;;Kinugawa Bypass;jpn.n121kin
jpnh;N121;;Kinugawa Onsen Old Road;jpn.n121kon
jpnh;N121;;Ōkuwa Old Road;jpn.n121oku
jpnh;N121;;Satsuki Road;jpn.n121sat
jpnh;N122;;;jpn.n122
jpnh;N122;;Iwatsuki Old Road;jpn.n122iwa
jpnh;N122;;Yaegasa Road;jpn.n122yae
jpnh;N123;;;jpn.n123
jpnh;N123;;Shirosato Old Road;jpn.n123shi
jpnh;N124;;;jpn.n124
jpnh;N124;;Kashima Old Road;jpn.n124kas
jpnh;N124;;Yatabe Old Road;jpn.n124yat
jpnh;N125;;;jpn.n125
jpnh;N125;;Ami-Miho Bypass;jpn.n125ami
jpnh;N125;;Teragu Old Road;jpn.n125ter
jpnh;N125;;Tsuchiura Old Road;jpn.n125tsu
jpnh;N126;;;jpn.n126
jpnh;N126;;Choshi Link Road;jpn.n126cho
jpnh;N126;;Inage Old Road;jpn.n126ina
jpnh;N126;;Sammu-Tōgane Bypass;jpn.n126sam
jpnh;N127;;;jpn.n127
jpnh;N127;;Futtsu-Tateyama Road;jpn.n127fut
jpnh;N128;;;jpn.n128
jpnh;N128;;Amatsu Old Road;jpn.n128ama
jpnh;N128;;Okitsu Old Road;jpn.n128oki
jpnh;N128;;Togane Bypass;jpn.n128tog
jpnh;N129;;;jpn.n129
jpnh;N130;;;jpn.n130
jpnh;N131;;;jpn.n131
jpnh;N132;;;jpn.n132
jpnh;N133;;;jpn.n133
jpnh;N134;;;jpn.n134
jpnh;N134;;Ōiso Connector;jpn.n134ois
jpnh;N135;;;jpn.n135
jpnh;N135;;Itō Old Road;jpn.n135ito
jpnh;N135;;Manazuru Road;jpn.n135man
jpnh;N136;;;jpn.n136
jpnh;N136;;Izu Bypass;jpn.n136izu
jpnh;N137;;;jpn.n137
jpnh;N137;;Yoshida-Kawaguchiko Bypass;jpn.n137yos
jpnh;N138;;;jpn.n138
jpnh;N138;;Higashi-Fujigoko Road;jpn.n138fuj
jpnh;N139;;;jpn.n139
jpnh;N139;;Fuji Improvement North;jpn.n139fin
jpnh;N139;;Fuji Improvement South;jpn.n139fis
jpnh;N139;;Fujimi Bypass;jpn.n139fuj
jpnh;N139;;Tsuru Bypass;jpn.n139tsu
jpnh;N140;;;jpn.n140
jpnh;N140;;Hanazono Bypass;jpn.n140han
jpnh;N140;;Manriki Connector;jpn.n140man
jpnh;N140;;Minano Bypass;jpn.n140min
jpnh;N140;;Nishi Kantō Road;jpn.n140nkr
jpnh;N140;;Otaki Old Road;jpn.n140ota
jpnh;N140;;Otaki Tunnel;jpn.n140ott
jpnh;N140;;Shin-Yamanashi Ring Road;jpn.n140yam
jpnh;N141;;;jpn.n141
jpnh;N142;;;jpn.n142
jpnh;N142;;Shimosuwa Bypass;jpn.n142shi
jpnh;N142;;Wada Old Road;jpn.n142wad
jpnh;N143;;;jpn.n143
jpnh;N144;;;jpn.n144
jpnh;N145;;;jpn.n145
jpnh;N145;;Agatsuma West Bypass;jpn.n145aga
jpnh;N146;;;jpn.n146
jpnh;N147;;;jpn.n147
jpnh;N148;;;jpn.n148
jpnh;N148;;Otari Old Road;jpn.n148ota
jpnh;N149;;;jpn.n149
jpnh;N150;;;jpn.n150
jpnh;N150;;Shida-Hainan Bypass;jpn.n150hai
jpnh;N150;;Kaketsuka Bypass;jpn.n150kak
jpnh;N150;;Nan-en Road;jpn.n150nan
jpnh;N150;;Shimizu Bypass;jpn.n150shi
jpnh;N150;;Yaizu Bypass;jpn.n150yai
jpnh;N151;;;jpn.n151
jpnh;N151;;Mutsuzawa Old Road;jpn.n151mut
jpnh;N152;;Nagano-ken;jpn.n152
jpnh;N152;;Hiryū Road;jpn.n152hir
jpnh;N152;;Iida-shi;jpn.n152iid
jpnh;N152;;Shizuoka-ken;jpn.n152shi
jpnh;N152;;Yukawa Bypass;jpn.n152yuk
jpnh;N153;;;jpn.n153
jpnh;N153;;Iida Old Road;jpn.n153iid
jpnh;N153;;Ina Bypass;jpn.n153ina
jpnh;N153;;Minowa Bypass;jpn.n153min
jpnh;N153;;Toyota-Kanpachi Spur;jpn.n153toy
jpnh;N154;;;jpn.n154
jpnh;N155;;;jpn.n155
jpnh;N155;;Nishi Chita Sangyou Bypass;jpn.n155chi
jpnh;N155;;Komaki-Ichinomiya Bypass;jpn.n155kom
jpnh;N156;;;jpn.n156
jpnh;N156;;Gifu Higashi Bypass;jpn.n156gif
jpnh;N156;;Shirakawa Bypass;jpn.n156shi
jpnh;N157;;;jpn.n157
jpnh;N157;;Ono Spur;jpn.n157ono
jpnh;N158;;;jpn.n158
jpnh;N158;;Chūbu Jūkan Expressway Aburasaka;jpn.n158abu
jpnh;N158;;Chūbu Jūkan Expressway Eiheiji;jpn.n158eih
jpnh;N158;;Chūbu Jūkan Expressway Hirayu;jpn.n158hir
jpnh;N158;;Narase-Sakaiji Bypass;jpn.n158nar
jpnh;N158;;Ōno Bypass;jpn.n158ono
jpnh;N158;;Chūbu Jūkan Expressway Takayama;jpn.n158tak
jpnh;N159;;;jpn.n159
jpnh;N159;;Hakui Old Road;jpn.n159hak
jpnh;N160;;;jpn.n160
jpnh;N161;;;jpn.n161
jpnh;N162;;;jpn.n162
jpnh;N163;;;jpn.n163
jpnh;N163;;Kizugawa Bypass;jpn.n163kiz
jpnh;N163;;Minamikouji Bypass;jpn.n163koj
jpnh;N163;;Shimotawara Old Road;jpn.n163shi
jpnh;N164;;;jpn.n164
jpnh;N165;;;jpn.n165
jpnh;N165;;Kashihara Bypass;jpn.n165kas
jpnh;N165;;Yamatotakada Bypass;jpn.n165yam
jpnh;N165;;Yamatotakada Bypass Kashiba;jpn.n165ytk
jpnh;N166;;;jpn.n166
jpnh;N166;;Minami Hanna Road;jpn.n166mhr
jpnh;N166;;Yamatotakada Spur;jpn.n166yam
jpnh;N167;;;jpn.n167
jpnh;N167;;Daini Ise Road;jpn.n167ise
jpnh;N168;;;jpn.n168
jpnh;N168;;Amanogawa Bypass South;jpn.n168ama
jpnh;N168;;Amanogawa Bypass North;jpn.n168amn
jpnh;N168;;Heguri Old Road;jpn.n168heg
jpnh;N168;;Ikowa Old Road;jpn.n168iko
jpnh;N168;;Kashiba Connector;jpn.n168kas
jpnh;N168;;Kumanogawa Old Road;jpn.n168kum
jpnh;N168;;Minamitaharachō Old Road;jpn.n168min
jpnh;N168;;Oga Old Road;jpn.n168oga
jpnh;N168;;Oto Old Road;jpn.n168oto
jpnh;N168;;Ozecho Old Road;jpn.n168oze
jpnh;N168;;Sakamoto Old Road;jpn.n168sak
jpnh;N168;;Totsukawa Old Road;jpn.n168tot
jpnh;N168;;Uenoji Old Road;jpn.n168uen
jpnh;N169;;;jpn.n169
jpnh;N169;;Kumanogawa Old Road;jpn.n169kum
jpnh;N169;;Nishihara Old Road;jpn.n169nis
jpnh;N169;;Oga Old Road;jpn.n169oga
jpnh;N169;;Sakurai Bypass;jpn.n169sak
jpnh;N169;;Takatori Bypass;jpn.n169tak
jpnh;N170;;;jpn.n170
jpnh;N170;;Furuichi Spur;jpn.n170fur
jpnh;N170;;Old Sotokan Road Izumi section;jpn.n170izu
jpnh;N170;;Kashiwara Spur;jpn.n170kas
jpnh;N170;;Old Sotokan Road Neyagawa section;jpn.n170ney
jpnh;N170;;Shikichō Spur;jpn.n170shi
jpnh;N170;;Shijonawate Old Road;jpn.n170snw
jpnh;N171;;;jpn.n171
jpnh;N172;;;jpn.n172
jpnh;N173;;;jpn.n173
jpnh;N174;;;jpn.n174
jpnh;N175;;;jpn.n175
jpnh;N175;;Kandechō Old Road;jpn.n175kan
jpnh;N175;;Nishiwaki Bypass;jpn.n175nis
jpnh;N176;;;jpn.n176
jpnh;N176;;Najio Old Road;jpn.n176naj
jpnh;N176;;Takarazuka Bypass;jpn.n176tak
jpnh;N177;;;jpn.n177
jpnh;N178;;;jpn.n178
jpnh;N178;;Amarube Connector;jpn.n178ama
jpnh;N178;;Kami Connector;jpn.n178kam
jpnh;N179;;;jpn.n179
jpnh;N180;;;jpn.n180
jpnh;N180;;Okayama Nishi Bypass;jpn.n180oka
jpnh;N180;;Sōja-Ichinomiya Bypass;jpn.n180soj
jpnh;N181;;;jpn.n181
jpnh;N182;;;jpn.n182
jpnh;N183;;;jpn.n183
jpnh;N184;;;jpn.n184
jpnh;N185;;;jpn.n185
jpnh;N185;;Akizu Bypass;jpn.n185aki
jpnh;N186;;;jpn.n186
jpnh;N187;;;jpn.n187
jpnh;N188;;;jpn.n188
jpnh;N188;;Iwakuni Minami Bypass;jpn.n188iwa
jpnh;N189;;;jpn.n189
jpnh;N190;;;jpn.n190
jpnh;N191;;;jpn.n191
jpnh;N191;;Hagi-Misumi Road;jpn.n191hag
jpnh;N192;;;jpn.n192
jpnh;N192;;Tokushima South Loop Road E segment;jpn.n192toe
jpnh;N192;;Tokushima South Loop Road W segment;jpn.n192tow
jpnh;N193;;Northern Section;jpn.n193
jpnh;N193;;Kagawachō Old Road;jpn.n193kag
jpnh;N193;;Southern Section;jpn.n193kai
jpnh;N193;;Ofuchi Old Road;jpn.n193ofu
jpnh;N193;;Waki Spur;jpn.n193wak
jpnh;N194;;;jpn.n194
jpnh;N195;;;jpn.n195
jpnh;N195;;Akebono Highway;jpn.n195koc
jpnh;N196;;;jpn.n196
jpnh;N197;;;jpn.n197
jpnh;N197;;Ōita Higashi Bypass;jpn.n197ohb
jpnh;N197;;Ōita;jpn.n197oit
jpnh;N197;;Ōzu-Yawatahama Bypass;jpn.n197ozu
jpnh;N197;;Takasagomachi Oita Spur;jpn.n197tak
jpnh;N198;;;jpn.n198
jpnh;N199;;;jpn.n199
jpnh;N199;;Honjo Bypass;jpn.n199hon
jpnh;N199;;Kitakyūshū Old Road;jpn.n199kit
jpnh;N200;;;jpn.n200
jpnh;N200;;Nōgata-Īzuka Bypass;jpn.n200nog
jpnh;N200;;Yamae Old Road;jpn.n200yam
jpnh;N201;;;jpn.n201
jpnh;N201;;Yakiyama-Īzuka Bypass;jpn.n201yak
jpnh;N201;;Yukuhashi Bypass;jpn.n201yuk
jpnh;N202;;;jpn.n202
jpnh;N202;;Asahio Bridge;jpn.n202asa
jpnh;N202;;Egami Bypass;jpn.n202ega
jpnh;N202;;Fukuoka Outer Loop Road;jpn.n202fuk
jpnh;N202;;Imajuku Bypass;jpn.n202ima
jpnh;N202;;Ōseto Old Road;jpn.n202ose
jpnh;N203;;;jpn.n203
jpnh;N203;;Kyūragi-Taku Road;jpn.n203kyu
jpnh;N203;;Taku East Bypass;jpn.n203tak
jpnh;N204;;;jpn.n204
jpnh;N204;;Imari Bypass;jpn.n204ima
jpnh;N204;;Matsuura Bypass;jpn.n204mat
jpnh;N204;;Nagoya Old Road;jpn.n204nag
jpnh;N204;;Tobo Bypass;jpn.n204tob
jpnh;N205;;;jpn.n205
jpnh;N206;;;jpn.n206
jpnh;N206;;Kawahira Toll Road;jpn.n206kaw
jpnh;N206;;Komukae Bypass;jpn.n206kom
jpnh;N207;;;jpn.n207
jpnh;N207;;Kashima Bypass;jpn.n207kas
jpnh;N207;;Nagata Bypass;jpn.n207nag
jpnh;N208;;;jpn.n208
jpnh;N208;;Ariake-Engan Road;jpn.n208ari
jpnh;N209;;;jpn.n209
jpnh;N210;;;jpn.n210
jpnh;N210;;Ukiha Bypass;jpn.n210uki
jpnh;N211;;;jpn.n211
jpnh;N212;;;jpn.n212
jpnh;N212;;Nakatsu-Hita Road;jpn.n212nak
jpnh;N212;;Yabakei Road;jpn.n212yab
jpnh;N213;;;jpn.n213
jpnh;N213;;Oita Airport Road;jpn.n213oit
jpnh;N217;;;jpn.n217
jpnh;N217;;Hiraiwa-Matsuzaki Bypass;jpn.n217hir
jpnh;N217;;Saganoseki Old Road;jpn.n217sag
jpnh;N217;;Saiki-Yayoi Bypass;jpn.n217sai
jpnh;N218;;;jpn.n218
jpnh;N218;;Kitakata Nobeoka Road;jpn.n218kit
jpnh;N218;;Takachiho-Hinokage Road;jpn.n218tak
jpnh;N219;;;jpn.n219
jpnh;N219;;Hirose Bypass;jpn.n219hir
jpnh;N220;;;jpn.n220
jpnh;N220;;Furue Bypass;jpn.n220fur
jpnh;N221;;;jpn.n221
jpnh;N222;;;jpn.n222
jpnh;N222;;Ushinotōge Bypass;jpn.n222ush
jpnh;N223;;;jpn.n223
jpnh;N223;;Hayacho Old Road;jpn.n223hay
jpnh;N224;;;jpn.n224
jpnh;N224;;Kagoshima;jpn.n224kag
jpnh;N225;;;jpn.n225
jpnh;N226;;;jpn.n226
jpnh;N226;;Kasasa Old Road;jpn.n226kas
jpnh;N227;;;jpn.n227
jpnh;N228;;;jpn.n228
jpnh;N228;;Hakodate-Esashi Expressway;jpn.n228hak
jpnh;N229;;;jpn.n229
jpnh;N229;;Otobe;jpn.n229oto
jpnh;N230;;;jpn.n230
jpnh;N231;;;jpn.n231
jpnh;N231;;Rumoi Bypass;jpn.n231rum
jpnh;N232;;;jpn.n232
jpnh;N232;;Teshio Bypass;jpn.n232tes
jpnh;N233;;;jpn.n233
jpnh;N233;;Fukagawa-Rumoi Expressway;jpn.n233fuk
jpnh;N234;;;jpn.n234
jpnh;N235;;;jpn.n235
jpnh;N235;;Hidaka Expressway;jpn.n235hid
jpnh;N236;;;jpn.n236
jpnh;N236;;Obihiro-Hiroo Expressway;jpn.n236obi
jpnh;N237;;;jpn.n237
jpnh;N238;;;jpn.n238
jpnh;N239;;;jpn.n239
jpnh;N240;;;jpn.n240
jpnh;N241;;;jpn.n241
jpnh;N241;;Obihiro Old Road;jpn.n241obi
jpnh;N242;;;jpn.n242
jpnh;N243;;;jpn.n243
jpnh;N244;;;jpn.n244
jpnh;N245;;;jpn.n245
jpnh;N246;;;jpn.n246
jpnh;N246;;Nagatachō Spur;jpn.n246nag
jpnh;N246;;Tamagawa Old Road;jpn.n246tam
jpnh;N247;;;jpn.n247
jpnh;N247;;Nishi Chita-Sangyō Bypass;jpn.n247chi
jpnh;N248;;;jpn.n248
jpnh;N248;;Seto Higashi Bypass;jpn.n248set
jpnh;N249;;;jpn.n249
jpnh;N249;;Wajima Bypass;jpn.n249waj
jpnh;N250;;;jpn.n250
jpnh;N250;;Nagayo Spur;jpn.n250nag
jpnh;N251;;;jpn.n251
jpnh;N251;;Aino Bypass;jpn.n251ain
jpnh;N251;;Shimabara Bypass;jpn.n251shi
jpnh;N252;;;jpn.n252
jpnh;N253;;;jpn.n253
jpnh;N253;;Jonumado Jōetsu;jpn.n253joe
jpnh;N253;;Jonumado Uragawa;jpn.n253ura
jpnh;N254;;;jpn.n254
jpnh;N254;;Fujimi-Kawagoe Bypass;jpn.n254fuj
jpnh;N254;;Ogawa Bypass;jpn.n254oga
jpnh;N254;;Tomioka Bypass;jpn.n254tom
jpnh;N254;;Uchiyama Pass Old Road;jpn.n254uch
jpnh;N254;;Wakō-Fujimi Bypass;jpn.n254wak
jpnh;N254;;Yanasegawa Road;jpn.n254yan
jpnh;N255;;;jpn.n255
jpnh;N256;;;jpn.n256
jpnh;N256;;Kamimura;jpn.n256kam
jpnh;N256;;Otera Bypass;jpn.n256ote
jpnh;N256;;Takatomi Bypass Yamagata;jpn.n256yam
jpnh;N257;;;jpn.n257
jpnh;N257;;Miyakoda Techno Road;jpn.n257ham
jpnh;N257;;Shokawa;jpn.n257sho
jpnh;N258;;;jpn.n258
jpnh;N259;;;jpn.n259
jpnh;N259;;Oitsu Spur;jpn.n259oit
jpnh;N259;;Toba;jpn.n259tob
jpnh;N260;;Shima;jpn.n260
jpnh;N260;;Kihoku;jpn.n260kih
jpnh;N261;;;jpn.n261
jpnh;N262;;;jpn.n262
jpnh;N263;;;jpn.n263
jpnh;N263;;Mitsuse Tunnel Toll Road;jpn.n263mit
jpnh;N263;;Saga Old Road;jpn.n263sag
jpnh;N264;;;jpn.n264
jpnh;N265;;;jpn.n265
jpnh;N266;;;jpn.n266
jpnh;N266;;Misumi-Oyano Road;jpn.n266mis
jpnh;N267;;;jpn.n267
jpnh;N268;;;jpn.n268
jpnh;N269;;Ibusuki;jpn.n269
jpnh;N269;;Miyazaki;jpn.n269miy
jpnh;N269;;Nishihara Bypass;jpn.n269nis
jpnh;N270;;;jpn.n270
jpnh;N270;;Ichikikushikino Bypass;jpn.n270ich
jpnh;N270;;Kinpocho Old Road;jpn.n270kin
jpnh;N271;;Odawara-Atsugi Road;jpn.n271
jpnh;N272;;;jpn.n272
jpnh;N273;;;jpn.n273
jpnh;N274;;;jpn.n274
jpnh;N274;;Shibecha Segment;jpn.n274shi
jpnh;N275;;;jpn.n275
jpnh;N276;;;jpn.n276
jpnh;N276;;Kyowa Old Road;jpn.n276kyo
jpnh;N277;;;jpn.n277
jpnh;N278;;;jpn.n278
jpnh;N278;;Hakodate Bypass;jpn.n278hak
jpnh;N278;;Osatsube Bypass;jpn.n278osa
jpnh;N279;;Hakodate;jpn.n279
jpnh;N279;;Aomori;jpn.n279aom
jpnh;N279;;Mutsu Old Road;jpn.n279mus
jpnh;N279;;Mutsu Minami Bypass;jpn.n279mut
jpnh;N279;;Nimaibashi Old Road;jpn.n279nim
jpnh;N279;;Ōhata Old Road;jpn.n279oha
jpnh;N279;;Shimokita Expressway;jpn.n279shi
jpnh;N280;;;jpn.n280
jpnh;N280;;Hakodate;jpn.n280hak
jpnh;N280;;Imabetsu Old Road;jpn.n280ima
jpnh;N280;;Uchimanbe Bypass;jpn.n280uch
jpnh;N281;;;jpn.n281
jpnh;N282;;;jpn.n282
jpnh;N282;;Ippongi Old Road;jpn.n282ipp
jpnh;N283;;;jpn.n283
jpnh;N283;;Kamaishi Expressway E46;jpn.n283kam
jpnh;N283;;Tōno-Sumita Connector;jpn.n283tsc
jpnh;N284;;;jpn.n284
jpnh;N285;;;jpn.n285
jpnh;N286;;;jpn.n286
jpnh;N287;;;jpn.n287
jpnh;N287;;Yonezawa-Kita Bypass;jpn.n287yok
jpnh;N287;;Yonezawa-Nagai Bypass;jpn.n287yon
jpnh;N288;;;jpn.n288
jpnh;N288;;Funehiki Old Road;jpn.n288fun
jpnh;N288;;Miharu Bypass;jpn.n288mih
jpnh;N289;;Niigata;jpn.n289
jpnh;N289;;Fukushima;jpn.n289fuk
jpnh;N289;;Tsubame Kita Bypass;jpn.n289tsu
jpnh;N290;;;jpn.n290
jpnh;N290;;Shibata Old Road;jpn.n290shi
jpnh;N291;;Gunma;jpn.n291
jpnh;N291;;Niigata;jpn.n291nii
jpnh;N292;;;jpn.n292
jpnh;N292;;Kusatsu Road;jpn.n292kus
jpnh;N293;;;jpn.n293
jpnh;N293;;Hitachiota Bypass East;jpn.n293hoe
jpnh;N293;;Hitachiota Bypass Middle;jpn.n293hom
jpnh;N293;;Hitachiota Bypass West;jpn.n293how
jpnh;N293;;Kanuma South Bypass;jpn.n293kan
jpnh;N293;;Naoki Bypass;jpn.n293nao
jpnh;N294;;;jpn.n294
jpnh;N294;;Akatsu Old Road;jpn.n294aka
jpnh;N294;;Konanmachi Fukura Old Road;jpn.n294fuk
jpnh;N294;;Shirakawa Old Road;jpn.n294shi
jpnh;N295;;;jpn.n295
jpnh;N296;;;jpn.n296
jpnh;N296;;Sakura Bypass;jpn.n296sak
jpnh;N296;;Yachiyo Bypass;jpn.n296yac
jpnh;N297;;;jpn.n297
jpnh;N297;;Ichikawa Bypass;jpn.n297ich
jpnh;N297;;Matsuno Bypass;jpn.n297mat
jpnh;N298;;;jpn.n298
jpnh;N299;;;jpn.n299
jpnh;N299;;Hannō Old Road;jpn.n299han
jpnh;N299;;Hannō Bypass Iruma;jpn.n299iru
jpnh;N300;;;jpn.n300
jpnh;N300;;Nakanokura Old Road;jpn.n300nak
jpnh;N301;;;jpn.n301
jpnh;N301;;Kosai Spur;jpn.n301kos
jpnh;N301;;Toyota Old Road;jpn.n301toy
jpnh;N302;;;jpn.n302
jpnh;N303;;;jpn.n303
jpnh;N303;;Nagahama Old Road;jpn.n303nag
jpnh;N304;;;jpn.n304
jpnh;N305;;;jpn.n305
jpnh;N305;;Shiokaze Line;jpn.n305shi
jpnh;N306;;;jpn.n306
jpnh;N307;;;jpn.n307
jpnh;N307;;Hino Old Road;jpn.n307hin
jpnh;N308;;;jpn.n308
jpnh;N308;;Hanna Road;jpn.n308han
jpnh;N309;;;jpn.n309
jpnh;N309;;Hirohashi Old Road;jpn.n309hir
jpnh;N310;;;jpn.n310
jpnh;N311;;;jpn.n311
jpnh;N312;;;jpn.n312
jpnh;N312;;Bantan Renraku Road;jpn.n312ban
jpnh;N312;;Sanin Expressway Amanohashidate;jpn.n312san
jpnh;N313;;;jpn.n313
jpnh;N313;;Kannabe Old Road;jpn.n313kan
jpnh;N313;;Kurayoshi Old Road;jpn.n313kur
jpnh;N314;;;jpn.n314
jpnh;N315;;;jpn.n315
jpnh;N316;;;jpn.n316
jpnh;N317;;;jpn.n317
jpnh;N317;;Aokage Old Road;jpn.n317aok
jpnh;N317;;Hakatajima;jpn.n317hak
jpnh;N317;;Ikuchijima;jpn.n317iku
jpnh;N317;;Innoshima;jpn.n317inn
jpnh;N317;;Mukaishima;jpn.n317muk
jpnh;N317;;Ōmishima;jpn.n317omi
jpnh;N317;;Ōshima;jpn.n317osh
jpnh;N317;;Nishi Seto Expressway;jpn.n317set
jpnh;N318;;;jpn.n318
jpnh;N319;;;jpn.n319
jpnh;N320;;;jpn.n320
jpnh;N320;;Uwajima Spur;jpn.n320uwa
jpnh;N321;;;jpn.n321
jpnh;N322;;;jpn.n322
jpnh;N322;;Akizuki Old Road;jpn.n322aki
jpnh;N322;;Kitagata Old Road;jpn.n322kit
jpnh;N322;;Kokuraminami Old Road;jpn.n322kok
jpnh;N322;;Shimoura Old Road;jpn.n322shi
jpnh;N322;;Tagawa Old Road;jpn.n322tag
jpnh;N322;;Yamada Old Road;jpn.n322yam
jpnh;N323;;;jpn.n323
jpnh;N324;;Nagasaki;jpn.n324
jpnh;N324;;Amakusa;jpn.n324ama
jpnh;N324;;Hondaka Bypass;jpn.n324hon
jpnh;N324;;Matsushima Toll Road;jpn.n324mat
jpnh;N324;;Misumi-Oyano Road;jpn.n324mis
jpnh;N324;;Nagasaki Spur;jpn.n324nag
jpnh;N325;;;jpn.n325
jpnh;N325;;Akahoshi Old Road;jpn.n325aka
jpnh;N326;;;jpn.n326
jpnh;N327;;;jpn.n327
jpnh;N327;;Hyuga Bypass;jpn.n327hyu
jpnh;N327;;Matsuo Old Road;jpn.n327mat
jpnh;N327;;Shiiba Old Road;jpn.n327shi
jpnh;N328;;;jpn.n328
jpnh;N329;;;jpn.n329
jpnh;N329;;Haebaru Bypass;jpn.n329hae
jpnh;N329;;Kin Old Road;jpn.n329kin
jpnh;N329;;Yonabaru Bypass;jpn.n329yon
jpnh;N330;;;jpn.n330
jpnh;N331;;;jpn.n331
jpnh;N331;;Futami Old Road;jpn.n331fut
jpnh;N331;;Kin Old Road;jpn.n331kin
jpnh;N331;;Nakayama Old Road;jpn.n331nak
jpnh;N331;;Oroku Bypass;jpn.n331oro
jpnh;N332;;;jpn.n332
jpnh;N333;;;jpn.n333
jpnh;N334;;;jpn.n334
jpnh;N335;;;jpn.n335
jpnh;N336;;;jpn.n336
jpnh;N336;;Urahoro Road;jpn.n336ura
jpnh;N337;;;jpn.n337
jpnh;N337;;Dōō Renraku Road;jpn.n337doo
jpnh;N337;;Nakajurin Road;jpn.n337nak
jpnh;N338;;Hakodate;jpn.n338
jpnh;N338;;Aomori;jpn.n338aom
jpnh;N338;;Obuchi Bypass;jpn.n338obu
jpnh;N338;;Ōminato Bypass;jpn.n338omi
jpnh;N338;;Usori Bypass;jpn.n338uso
jpnh;N339;;;jpn.n339
jpnh;N339;;Goshogawara Kita Bypass;jpn.n339gos
jpnh;N339;;Itayanagi Bypass;jpn.n339ita
jpnh;N340;;;jpn.n340
jpnh;N340;;Oshikado Pass Old Road;jpn.n340osh
jpnh;N341;;;jpn.n341
jpnh;N342;;;jpn.n342
jpnh;N343;;;jpn.n343
jpnh;N344;;;jpn.n344
jpnh;N344;;Yasuda Old Road;jpn.n344yas
jpnh;N345;;;jpn.n345
jpnh;N345;;Tōkōsen Bypass;jpn.n345tok
jpnh;N346;;;jpn.n346
jpnh;N346;;Motoyoshi Bypass;jpn.n346mot
jpnh;N347;;;jpn.n347
jpnh;N347;;Osaki Bypass;jpn.n347osa
jpnh;N348;;;jpn.n348
jpnh;N349;;;jpn.n349
jpnh;N349;;Baikō Tunnel;jpn.n349bai
jpnh;N349;;Hitachiōta Old Road;jpn.n349hit
jpnh;N349;;Yamakami Old Road;jpn.n349yam
jpnh;N350;;Niigata;jpn.n350
jpnh;N350;;Jōetsu;jpn.n350joe
jpnh;N350;;Sadoshima;jpn.n350sad
jpnh;N351;;;jpn.n351
jpnh;N351;;Nagaoka Spur;jpn.n351nag
jpnh;N352;;Niigata;jpn.n352
jpnh;N352;;Ikari Old Road;jpn.n352ika
jpnh;N352;;Kinugawa Bypass;jpn.n352kin
jpnh;N352;;Kinugawa Onsen Old Road;jpn.n352kon
jpnh;N352;;Ōkuwa Old Road;jpn.n352oku
jpnh;N352;;Tochigi;jpn.n352toc
jpnh;N353;;Gunma;jpn.n353
jpnh;N353;;Nakanojo Bypass;jpn.n353nak
jpnh;N353;;Niigata;jpn.n353nii
jpnh;N354;;;jpn.n354
jpnh;N354;;Banchō-Mitsukaidō Old Road;jpn.n354ban
jpnh;N354;;Sakai-Iwai Bypass;jpn.n354iwa
jpnh;N354;;Koga Spur;jpn.n354kog
jpnh;N355;;;jpn.n355
jpnh;N355;;Ishioka Old Road;jpn.n355ish
jpnh;N355;;Iwama Old Road;jpn.n355iwa
jpnh;N355;;Kasama Bypass;jpn.n355kas
jpnh;N355;;Ushibori-Asou Bypass;jpn.n355ush
jpnh;N356;;;jpn.n356
jpnh;N356;;Abiko Bypass;jpn.n356abi
jpnh;N356;;Chōshi Old Road;jpn.n356cho
jpnh;N356;;Inzai Old Road;jpn.n356inz
jpnh;N356;;Katori Old Road;jpn.n356kat
jpnh;N356;;Omigawa-Tonosho Bypass;jpn.n356omi
jpnh;N357;;Tōkyō;jpn.n357
jpnh;N357;;Kawasaki;jpn.n357kaw
jpnh;N357;;Shinagawa Spur;jpn.n357shi
jpnh;N357;;Yokohama;jpn.n357yok
jpnh;N358;;;jpn.n358
jpnh;N359;;;jpn.n359
jpnh;N359;;Kanazawa Katatamachi Old Road;jpn.n359kat
jpnh;N359;;Tonami Old Road;jpn.n359ton
jpnh;N360;;Toyama;jpn.n360
jpnh;N360;;Ishikawa;jpn.n360ish
jpnh;N361;;;jpn.n361
jpnh;N362;;;jpn.n362
jpnh;N362;;Miyaguchi Bypass;jpn.n362miy
jpnh;N362;;Yamazaki Old Road;jpn.n362yam
jpnh;N363;;;jpn.n363
jpnh;N363;;Seto Bypass;jpn.n363set
jpnh;N363;;Toki Tsurusatochō Bypass;jpn.n363tsu
jpnh;N364;;;jpn.n364
jpnh;N364;;Taniguchi Bypass;jpn.n364tan
jpnh;N365;;;jpn.n365
jpnh;N366;;;jpn.n366
jpnh;N366;;Handa-Ōbu Bypass;jpn.n366han
jpnh;N367;;;jpn.n367
jpnh;N368;;;jpn.n368
jpnh;N369;;;jpn.n369
jpnh;N369;;Uda Old Road;jpn.n369uda
jpnh;N370;;;jpn.n370
jpnh;N370;;Fukuda Old Road;jpn.n370fuk
jpnh;N370;;Kainan Old Road;jpn.n370kai
jpnh;N370;;Katsurase Old Road;jpn.n370kat
jpnh;N370;;Kimino Old Road;jpn.n370kim
jpnh;N371;;Kawachinagano;jpn.n371
jpnh;N371;;Amami Old Road;jpn.n371ama
jpnh;N371;;Hashimoto Spur;jpn.n371has
jpnh;N371;;Kawachinagano Spur;jpn.n371kaw
jpnh;N371;;Koyasan Bypass;jpn.n371koy
jpnh;N371;;Kushimoto;jpn.n371kus
jpnh;N372;;;jpn.n372
jpnh;N372;;Sanyō Connector;jpn.n372san
jpnh;N373;;;jpn.n373
jpnh;N373;;Tottori Expressway Komagaeri;jpn.n373kom
jpnh;N373;;Tottori Expressway Sakane;jpn.n373sak
jpnh;N374;;;jpn.n374
jpnh;N374;;Mimasaka-Okayama Road;jpn.n374mor
jpnh;N375;;;jpn.n375
jpnh;N375;;Fukutomi Bypass;jpn.n375fuk
jpnh;N376;;;jpn.n376
jpnh;N377;;;jpn.n377
jpnh;N378;;;jpn.n378
jpnh;N378;;Ikenoura Old Road;jpn.n378ike
jpnh;N379;;;jpn.n379
jpnh;N380;;;jpn.n380
jpnh;N381;;;jpn.n381
jpnh;N382;;Tsushima;jpn.n382
jpnh;N382;;Ikishima;jpn.n382iki
jpnh;N382;;Karatsu;jpn.n382kar
jpnh;N383;;;jpn.n383
jpnh;N383;;Hirado Old Road;jpn.n383hir
jpnh;N384;;Fukuejima;jpn.n384
jpnh;N384;;Nakadorijima;jpn.n384nak
jpnh;N384;;Sasebo;jpn.n384sas
jpnh;N385;;;jpn.n385
jpnh;N385;;Kanzaki Old Road;jpn.n385kan
jpnh;N385;;Okawa Old Road;jpn.n385oka
jpnh;N385;;Sakamoto Pass Old Road;jpn.n385sak
jpnh;N386;;;jpn.n386
jpnh;N386;;Asakura Old Road;jpn.n386asa
jpnh;N387;;;jpn.n387
jpnh;N388;;;jpn.n388
jpnh;N389;;Ōmuta;jpn.n389
jpnh;N389;;Akune;jpn.n389aku
jpnh;N389;;Amakusa;jpn.n389ama
jpnh;N389;;Odayuka Old Road;jpn.n389oda
jpnh;N389;;Shimabara;jpn.n389shi
jpnh;N389;;Taira Bypass;jpn.n389tai
jpnh;N390;;Ishigaki;jpn.n390
jpnh;N390;;Ishigaki Bypass;jpn.n390ish
jpnh;N390;;Miyakojima;jpn.n390miy
jpnh;N390;;Okinawa;jpn.n390oki
jpnh;N391;;;jpn.n391
jpnh;N392;;;jpn.n392
jpnh;N393;;;jpn.n393
jpnh;N394;;;jpn.n394
jpnh;N394;;Enoki Bypass;jpn.n394eno
jpnh;N394;;Obuchi Bypass;jpn.n394obu
jpnh;N395;;;jpn.n395
jpnh;N396;;;jpn.n396
jpnh;N397;;;jpn.n397
jpnh;N398;;;jpn.n398
jpnh;N398;;Ishinomaki Bypass;jpn.n398ish
jpnh;N398;;Kuretsubo Old Road;jpn.n398kur
jpnh;N398;;Onagawa Bypass;jpn.n398ona
jpnh;N398;;Tarada Old Road;jpn.n398tar
jpnh;N398;;Urashuku Spur;jpn.n398ura
jpnh;N398;;Yuzawa Bypass;jpn.n398yuz
jpnh;N399;;;jpn.n399
jpnh;N399;;Iizaka Bypass;jpn.n399iza
jpnh;N399;;Nanyō Old Road;jpn.n399nan
jpnh;N399;;Ogawamachi Old Road;jpn.n399oga
jpnh;N399;;Shimokawauchi Old Road;jpn.n399shi
jpnh;N400;;;jpn.n400
jpnh;N400;;Mishima Old Road;jpn.n400mis
jpnh;N401;;Fukushima;jpn.n401
jpnh;N401;;Gunma;jpn.n401gun
jpnh;N401;;Hakase Old Road;jpn.n401hak
jpnh;N402;;;jpn.n402
jpnh;N403;;;jpn.n403
jpnh;N403;;Kamo Spur;jpn.n403kam
jpnh;N403;;Niitsu Bypass;jpn.n403nii
jpnh;N404;;;jpn.n404
jpnh;N404;;Nagaoka East-West Road;jpn.n404nag
jpnh;N405;;Gunma;jpn.n405
jpnh;N405;;Niigata;jpn.n405nii
jpnh;N406;;;jpn.n406
jpnh;N407;;;jpn.n407
jpnh;N407;;Tsurugashima Old Road;jpn.n407tsu
jpnh;N408;;;jpn.n408
jpnh;N408;;Moka Bypass;jpn.n408mok
jpnh;N408;;Ushiku Old Road;jpn.n408ush
jpnh;N408;;Utsunomiya-Takanezawa Bypass;jpn.n408uts
jpnh;N409;;;jpn.n409
jpnh;N409;;Mobara-Ichinomiya Road;jpn.n409mob
jpnh;N410;;;jpn.n410
jpnh;N410;;Kisarazu Spur;jpn.n410kis
jpnh;N410;;Kururi Old Road;jpn.n410kur
jpnh;N410;;Otomi Old Road;jpn.n410oto
jpnh;N410;;Tateyama Old Road;jpn.n410tat
jpnh;N411;;;jpn.n411
jpnh;N411;;Jōtō Bypass;jpn.n411jot
jpnh;N412;;;jpn.n412
jpnh;N413;;;jpn.n413
jpnh;N413;;Aonohara Old Road;jpn.n413aon
jpnh;N414;;;jpn.n414
jpnh;N414;;Amagi Tunnel Old Road;jpn.n414ama
jpnh;N414;;Kawazu-Shimoda Road;jpn.n414kaw
jpnh;N414;;Shizuura Bypass;jpn.n414shi
jpnh;N415;;;jpn.n415
jpnh;N416;;;jpn.n416
jpnh;N416;;Eiheiji Bypass;jpn.n416eih
jpnh;N416;;Hakuko-Fuseda Bypass;jpn.n416fus
jpnh;N417;;Gifu;jpn.n417
jpnh;N417;;Itagakizaka Old Road;jpn.n417ita
jpnh;N418;;Gifu;jpn.n418
jpnh;N418;;Maruyama Bypass;jpn.n418iij
jpnh;N418;;Kamiyahagi Bypass;jpn.n418kam
jpnh;N418;;Nagano;jpn.n418nag
jpnh;N418;;Urugi Old Road;jpn.n418uru
jpnh;N418;;Yaotsu Old Road;jpn.n418yao
jpnh;N419;;Toyota;jpn.n419
jpnh;N419;;Takahama;jpn.n419tak
jpnh;N420;;;jpn.n420
jpnh;N421;;;jpn.n421
jpnh;N422;;Otsu;jpn.n422
jpnh;N422;;Kihoku;jpn.n422kih
jpnh;N422;;Odai;jpn.n422oda
jpnh;N423;;;jpn.n423
jpnh;N423;;Minō Green Road;jpn.n423min
jpnh;N424;;;jpn.n424
jpnh;N424;;Aridagawa Old Road;jpn.n424ari
jpnh;N424;;Kainan Old Road;jpn.n424kai
jpnh;N424;;Kirimetsuji Old Road;jpn.n424kir
jpnh;N424;;Minabe Old Road;jpn.n424min
jpnh;N425;;;jpn.n425
jpnh;N425;;Totsukawa Old Road;jpn.n425tot
jpnh;N426;;;jpn.n426
jpnh;N427;;;jpn.n427
jpnh;N427;;Kandechō Old Road;jpn.n427kan
jpnh;N428;;;jpn.n428
jpnh;N429;;;jpn.n429
jpnh;N429;;Eyomi Bypass;jpn.n429eyo
jpnh;N430;;;jpn.n430
jpnh;N431;;;jpn.n431
jpnh;N431;;East Hayashigi Bypass;jpn.n431hay
jpnh;N431;;Mihoseki Bypass;jpn.n431mih
jpnh;N432;;;jpn.n432
jpnh;N432;;Shigenaga Bypass;jpn.n432shi
jpnh;N433;;;jpn.n433
jpnh;N434;;;jpn.n434
jpnh;N434;;Sugawa Old Road;jpn.n434sug
jpnh;N435;;;jpn.n435
jpnh;N436;;Himeji;jpn.n436
jpnh;N436;;Shōdoshima;jpn.n436sho
jpnh;N436;;Takamatsu;jpn.n436tak
jpnh;N437;;Matsuyama;jpn.n437
jpnh;N437;;Kuga;jpn.n437kug
jpnh;N437;;Ōshima Ōhashi Connector;jpn.n437osh
jpnh;N438;;;jpn.n438
jpnh;N438;;Hanzan Bypass;jpn.n438han
jpnh;N438;;Hanzan Bypass South;jpn.n438has
jpnh;N438;;Okada Bypass;jpn.n438oka
jpnh;N438;;Sanagochi Old Road;jpn.n438san
jpnh;N438;;Tsurugi Old Road;jpn.n438tsu
jpnh;N439;;;jpn.n439
jpnh;N439;;Higashi Yasugeoi Old Road;jpn.n439yas
jpnh;N440;;;jpn.n440
jpnh;N440;;Misaka Pass Road;jpn.n440mis
jpnh;N441;;;jpn.n441
jpnh;N442;;;jpn.n442
jpnh;N442;;Kinoue Old Road;jpn.n442kin
jpnh;N442;;Kujumachi Old Road;jpn.n442kuj
jpnh;N442;;Yame Branch;jpn.n442yam
jpnh;N443;;;jpn.n443
jpnh;N443;;Akahoshi Old Road;jpn.n443aka
jpnh;N443;;Mitsuhashi-Setaka Bypass;jpn.n443mit
jpnh;N443;;Yamakawa Old Road;jpn.n443yam
jpnh;N444;;;jpn.n444
jpnh;N444;;Ariake-Engan Road;jpn.n444ari
jpnh;N445;;;jpn.n445
jpnh;N446;;;jpn.n446
jpnh;N447;;;jpn.n447
jpnh;N448;;Ibusuki;jpn.n448
jpnh;N448;;Shibushi;jpn.n448shi
jpnh;N449;;;jpn.n449
jpnh;N449;;Awa Old Road;jpn.n449awa
jpnh;N449;;Nago Bypass;jpn.n449nag
jpnh;N450;;Asahikawa-Monbetsu Expwy;jpn.n450
jpnh;N451;;;jpn.n451
jpnh;N451;;Takushin Bypass;jpn.n451tak
jpnh;N452;;;jpn.n452
jpnh;N452;;Biei Segment;jpn.n452bie
jpnh;N453;;;jpn.n453
jpnh;N454;;;jpn.n454
jpnh;N455;;;jpn.n455
jpnh;N455;;Morioka;jpn.n455mor
jpnh;N456;;;jpn.n456
jpnh;N457;;;jpn.n457
jpnh;N457;;Nenoshiroishi Old Road;jpn.n457nen
jpnh;N458;;;jpn.n458
jpnh;N459;;;jpn.n459
jpnh;N459;;Fujisawa Old Road;jpn.n459fuj
jpnh;N460;;;jpn.n460
jpnh;N460;;Maki Minami Bypass;jpn.n460mak
jpnh;N461;;;jpn.n461
jpnh;N462;;;jpn.n462
jpnh;N463;;;jpn.n463
jpnh;N463;;Tokorozawa-Iruma Bypass;jpn.n463tok
jpnh;N463;;Urawa Old Road;jpn.n463ura
jpnh;N464;;;jpn.n464
jpnh;N464;;Kita Chiba Road;jpn.n464kch
jpnh;N465;;;jpn.n465
jpnh;N465;;Futtsu Spur;jpn.n465fut
jpnh;N466;;;jpn.n466
jpnh;N467;;;jpn.n467
jpnh;N468;;;jpn.n468
jpnh;N468;;Mobara;jpn.n468mob
jpnh;N469;;;jpn.n469
jpnh;N469;;Gotemba Bypass;jpn.n469got
jpnh;N470;;Noetsu Expressway;jpn.n470
jpnh;N470;;Noetsu Expressway Anamizu;jpn.n470ana
jpnh;N471;;;jpn.n471
jpnh;N471;;Toga Ohashi;jpn.n471tog
jpnh;N471;;Yatsuomachi Old Road;jpn.n471yat
jpnh;N472;;Toyama;jpn.n472
jpnh;N472;;Gifu;jpn.n472gif
jpnh;N473;;;jpn.n473
jpnh;N473;;Nishihagima Connector;jpn.n473hag
jpnh;N473;;Kanaya-Sagara Road;jpn.n473kan
jpnh;N473;;Sagara Bypass;jpn.n473sag
jpnh;N473;;Shimada Spur;jpn.n473shi
jpnh;N474;;San-En Nanshin Expwy Iida ;jpn.n474
jpnh;N474;;San-En Nanshin Expwy Hamamatsu;jpn.n474ham
jpnh;N474;;San-En Nanshin Expwy Urakawa ;jpn.n474ura
jpnh;N474;;San-En Nanshin Expwy Yahazu ;jpn.n474yah
jpnh;N475;;MAG Road Nagoya;jpn.n475
jpnh;N475;;MAG Road Toin;jpn.n475toi
jpnh;N476;;Ōno;jpn.n476
jpnh;N476;;Tsuruga;jpn.n476tsu
jpnh;N477;;;jpn.n477
jpnh;N477;;Yagi Old Road;jpn.n477yag
jpnh;N477;;Yokkaichi-Yunoyama Road;jpn.n477yok
jpnh;N478;;;jpn.n478
jpnh;N479;;;jpn.n479
jpnh;N480;;;jpn.n480
jpnh;N481;;;jpn.n481
jpnh;N482;;;jpn.n482
jpnh;N482;;Tango-Yaei Road;jpn.n482tan
jpnh;N483;;;jpn.n483
jpnh;N484;;;jpn.n484
jpnh;N485;;Dōgojima;jpn.n485
jpnh;N485;;Matsue;jpn.n485mat
jpnh;N485;;Mihoseki Bypass;jpn.n485mih
jpnh;N485;;Nishinoshima;jpn.n485nis
jpnh;N486;;;jpn.n486
jpnh;N486;;Kannabe Old Road;jpn.n486kan
jpnh;N487;;Kure;jpn.n487
jpnh;N487;;Etajima;jpn.n487eta
jpnh;N487;;Hiroshima;jpn.n487hir
jpnh;N487;;Kegoya-Ondo Bypass;jpn.n487keg
jpnh;N487;;Ondochō Spur;jpn.n487ond
jpnh;N488;;;jpn.n488
jpnh;N488;;Hikimichō Old Road;jpn.n488hik
jpnh;N488;;Yukichō Old Road;jpn.n488yuk
jpnh;N489;;;jpn.n489
jpnh;N490;;;jpn.n490
jpnh;N491;;;jpn.n491
jpnh;N491;;Nagato-Mine Line;jpn.n491nag
jpnh;N492;;;jpn.n492
jpnh;N492;;Anabuki Bypass;jpn.n492ana
jpnh;N492;;Higashi Yasugeoi Old Road;jpn.n492yas
jpnh;N493;;;jpn.n493
jpnh;N493;;Kitagawa-Nahari Road;jpn.n493kit
jpnh;N493;;Wada Tunnel Kitagawa Road;jpn.n493wad
jpnh;N494;;;jpn.n494
jpnh;N494;;Sakawa-Asō Bypass;jpn.n494sak
jpnh;N495;;;jpn.n495
jpnh;N495;;Takenami Bypass;jpn.n495tak
jpnh;N496;;;jpn.n496
jpnh;N496;;Miyako Old Road;jpn.n496miy
jpnh;N497;;Nishi Kyūshū Expwy Sasebo section;jpn.n497
jpnh;N497;;Nishi Kyūshū Expwy Fukuoka section;jpn.n497fuk
jpnh;N497;;Nishi Kyūshū Expwy Karatsu section;jpn.n497kar
jpnh;N497;;Nishi Kyūshū Expwy Matsuura section;jpn.n497mat
jpnh;N498;;;jpn.n498
jpnh;N498;;Kurinoki Pass Old Road;jpn.n498kur
jpnh;N499;;;jpn.n499
jpnh;N499;;Akune;jpn.n499aku
jpnh;N500;;;jpn.n500
jpnh;N500;;Egawa Old Road;jpn.n500ega
jpnh;N500;;Innai Old Road;jpn.n500inn
jpnh;N501;;;jpn.n501
jpnh;N502;;;jpn.n502
jpnh;N503;;;jpn.n503
jpnh;N504;;;jpn.n504
jpnh;N504;;Hokusatsu-Ōdan Road;jpn.n504hok
jpnh;N504;;Kihoku Old Road;jpn.n504kih
jpnh;N504;;Satsuma Road;jpn.n504sat
jpnh;N505;;;jpn.n505
jpnh;N506;;Naha Airport Expressway;jpn.n506
jpnh;N507;;;jpn.n507
jpnh;N507;;Tsukazan Bypass;jpn.n507tsu
