systemName;region;route;banner;abbreviation;city;fileNameRoot;altRouteNames
jpnh;JPN;N1;;;;jpn.n001;
jpnh;JPN;N1;;DKR;Daini Keihan Road;jpn.n001dkr;
jpnh;JPN;N1;;Fuj;Fujieda Spur;jpn.n001fuj;
jpnh;JPN;N1;;Hok;Hokusei Bypass;jpn.n001hok;
jpnh;JPN;N1;;Izu;Izu-Jūkan Expressway;jpn.n001izu;
jpnh;JPN;N1;;Kei;Keiji Bypass;jpn.n001kei;
jpnh;JPN;N1;;Kum;Keiji Bypass Kumiyama;jpn.n001kum;
jpnh;JPN;N1;;Nis;Nissaka Old Road;jpn.n001nis;
jpnh;JPN;N1;;Oda;Seishou Bypass-Hakone New Road;jpn.n001oda;N1SSH
jpnh;JPN;N1;;Ots;Keiji Bypass Ōtsu;jpn.n001ots;
jpnh;JPN;N1;;Rit;Rittō-Minakuchi Road;jpn.n001rit;
jpnh;JPN;N1;;Sei;Seishin Bypass;jpn.n001sei;
jpnh;JPN;N1;;Shi;Shinshou South Bypass;jpn.n001shi;
jpnh;JPN;N1;;Tot;Totsuka Old Road;jpn.n001tot;
jpnh;JPN;N1;;Yab;Totsuka Yabechō Old Road;jpn.n001yab;
jpnh;JPN;N1;;Yok;Yokohama Bypass;jpn.n001yok;
jpnh;JPN;N2;;;;jpn.n002;
jpnh;JPN;N2;;DSM;Daini Shinmei Road;jpn.n002dsm;
jpnh;JPN;N2;;EH;East Hiroshima Bypass;jpn.n002eh;
jpnh;JPN;N2;;Ham;Hamate Bypass;jpn.n002ham;
jpnh;JPN;N2;;KaE;Kasaoka Bypass east segment;jpn.n002kae;
jpnh;JPN;N2;;Kak;Kakogawa-Himeiji Bypass;jpn.n002kak;
jpnh;JPN;N2;;Kan;Kanmon Pedestrian Tunnel;jpn.n002kan;
jpnh;JPN;N2;;Kas;Kasaoka Bypass;jpn.n002kas;
jpnh;JPN;N2;;KNB;Kōbe Nishi Bypass;jpn.n002knb;
jpnh;JPN;N2;;KNT;Kōbe Nishi Bypass Toll Road;jpn.n002knt;
jpnh;JPN;N2;;KNW;Kōbe Nishi Bypass west segment;jpn.n002knw;
jpnh;JPN;N2;;Ono;Onomichi Bypass;jpn.n002ono;
jpnh;JPN;N2;;SHE;Hiroshima South Bypass east segment;jpn.n002she;
jpnh;JPN;N2;;SHW;Hiroshima South Bypass west segment;jpn.n002shw;
jpnh;JPN;N2;;Tam;Tamashima-Kasaoka Bypass;jpn.n002tam;
jpnh;JPN;N2;;WH;West Hiroshima Bypass;jpn.n002wh;
jpnh;JPN;N3;;;;jpn.n003;
jpnh;JPN;N3;;Hak;Hakata Bypass;jpn.n003hak;
jpnh;JPN;N3;;Izu;Izumi Bypass;jpn.n003izu;
jpnh;JPN;N3;;Kag;Kagoshima Bypass;jpn.n003kag;
jpnh;JPN;N3;;Kum;Kumamoto North Bypass;jpn.n003kum;
jpnh;JPN;N3;;Kur;Kurosaki Bypass;jpn.n003kur;
jpnh;JPN;N3;;Uek;Ueki Bypass;jpn.n003uek;
jpnh;JPN;N3;;Yat;Yatsushiro Bypass;jpn.n003yat;
jpnh;JPN;N4;;;;jpn.n004;
jpnh;JPN;N4;;Miz;Mizusawa Higashi Bypass;jpn.n004miz;
jpnh;JPN;N4;;Nas;Nishinasuno Road;jpn.n004nas;
jpnh;JPN;N4;;Sai;Higashi Saitama Bypass;jpn.n004sai;
jpnh;JPN;N4;;Tsu;Tsukidate Bypass;jpn.n004tsu;
jpnh;JPN;N4;;Uts;Koshigaya-Utsunomiya Bypass;jpn.n004uts;
jpnh;JPN;N5;;;;jpn.n005;
jpnh;JPN;N5;;Hak;Hakodate New Road;jpn.n005hak;
jpnh;JPN;N5;;Kur;Kuromatsunai New Road;jpn.n005kur;
jpnh;JPN;N5;;Yoi;Yoichi Road;jpn.n005yoi;
jpnh;JPN;N6;;;;jpn.n006;
jpnh;JPN;N6;;Hit;Hitachi Bypass;jpn.n006hit;
jpnh;JPN;N6;;HMR;Higashi Mito Road;jpn.n006hmr;
jpnh;JPN;N6;;SNR;Sendai-Nanbu Road;jpn.n006snr;
jpnh;JPN;N6;;STE;Sendai-Tōbu Expressway;jpn.n006ste;
jpnh;JPN;N6;;Ush;Ushiku-Tsuchiura Bypass;jpn.n006ush;
jpnh;JPN;N6;;UsS;Ushiku-Tsuchiura Bypass South;jpn.n006uss;
jpnh;JPN;N6;;Yot;Shin Yotsugi Bridge;jpn.n006yot;
jpnh;JPN;N7;;;;jpn.n007;
jpnh;JPN;N7;;Aom;Aomori Bypass;jpn.n007aom;
jpnh;JPN;N7;;Ban;Bandajima Route;jpn.n007ban;
jpnh;JPN;N7;;Nos;Noshiro section E7Aki;jpn.n007nos;
jpnh;JPN;N7;;Oda;Odate section E7Oda;jpn.n007oda;
jpnh;JPN;N7;;Yur;Yurihonjo section E7Aki;jpn.n007yur;
jpnh;JPN;N8;;;;jpn.n008;
jpnh;JPN;N8;;Ima;Imamachi Spur;jpn.n008ima;
jpnh;JPN;N8;;Ito;Itoigawa East Bypass;jpn.n008ito;
jpnh;JPN;N8;;Kan;Kanayama Bypass;jpn.n008kan;
jpnh;JPN;N8;;Kas;Kashiwazaki Bypass;jpn.n008kas;
jpnh;JPN;N8;;Mai;Maihara Bypass;jpn.n008mai;
jpnh;JPN;N8;;Oya;Oyabe Bypass;jpn.n008oya;
jpnh;JPN;N8;;Tsu;Tsuruga Bypass;jpn.n008tsu;
jpnh;JPN;N9;;;;jpn.n009;
jpnh;JPN;N9;;Aoy;Aoya-Hawai Access Road;jpn.n009aoy;
jpnh;JPN;N9;;Got;Gōtsu Bypass;jpn.n009got;
jpnh;JPN;N9;;Ham;Hamada Bypass;jpn.n009ham;
jpnh;JPN;N9;;Kus;Masuda Road;jpn.n009kus;
jpnh;JPN;N9;;Mas;Masuda Road;jpn.n009mas;
jpnh;JPN;N9;;Mat;Matsue Bypass;jpn.n009mat;
jpnh;JPN;N9;;Mur;Muraoka Old Road;jpn.n009mur;
jpnh;JPN;N9;;Oda;Oda Bypass;jpn.n009oda;
jpnh;JPN;N9;;Tot;Tottori Bypass;jpn.n009tot;
jpnh;JPN;N9;;Yon;Yonago Spur;jpn.n009yon;
jpnh;JPN;N10;;;;jpn.n010;
jpnh;JPN;N10;;Hay;Hayato Bypass;jpn.n010hay;
jpnh;JPN;N10;;Kag;Kagoshima North Bypass;jpn.n010kag;
jpnh;JPN;N10;;Kaj;Kajiki Bypass;jpn.n010kaj;
jpnh;JPN;N10;;Miy;Miyakonojo-Shibushi Road;jpn.n010miy;
jpnh;JPN;N10;;Nob;Nobeoka Bypass;jpn.n010nob;
jpnh;JPN;N10;;Oit;Ōita South Bypass;jpn.n010oit;
jpnh;JPN;N10;;Shi;Shīda Bypass;jpn.n010shi;
jpnh;JPN;N10;;Tot;Totoro Bypass;jpn.n010tot;
jpnh;JPN;N10;;Usa;Usa-Beppu Bypass;jpn.n010usa;
jpnh;JPN;N11;;;;jpn.n011;
jpnh;JPN;N11;;Kaw;Kawanoe-Mishima Bypass;jpn.n011kaw;
jpnh;JPN;N11;;KoE;Komatsu Bypass East;jpn.n011koe;
jpnh;JPN;N11;;Kom;Komatsu Bypass;jpn.n011kom;
jpnh;JPN;N11;;Nii;Niihama Bypass;jpn.n011nii;
jpnh;JPN;N11;;Och;Ōchi-Shirotori Bypass;jpn.n011och;
jpnh;JPN;N11;;Sai;Saijo Bypass;jpn.n011sai;
jpnh;JPN;N11;;Tak;Takamatsu East Bypass;jpn.n011tak;
jpnh;JPN;N12;;;;jpn.n012;
jpnh;JPN;N12;;Asa;Asahikawa Bypass;jpn.n012asa;
jpnh;JPN;N12;;Tak;Takikawa Bypass;jpn.n012tak;
jpnh;JPN;N13;;;;jpn.n013;
jpnh;JPN;N13;;FWR;Fukushima West Road;jpn.n013fwr;
jpnh;JPN;N13;;Noz;Nozoki section E13;jpn.n013noz;
jpnh;JPN;N13;;Shi;Shinjo section E13;jpn.n013shi;
jpnh;JPN;N13;;Tak;Takahata section E13;jpn.n013tak;
jpnh;JPN;N13;;Yok;Yokote section E13;jpn.n013yok;
jpnh;JPN;N14;;;;jpn.n014;
jpnh;JPN;N14;;Fun;Funabashi Spur;jpn.n014fun;
jpnh;JPN;N14;;Kei;Keiyō Road;jpn.n014kei;
jpnh;JPN;N15;;;;jpn.n015;
jpnh;JPN;N16;;;Tōkyō Ring Road;jpn.n016;
jpnh;JPN;N16;;Hac;Hachioji Bypass;jpn.n016hac;
jpnh;JPN;N16;;Hod;Hodogaya Bypass;jpn.n016hod;
jpnh;JPN;N16;;Nam;Kanazawa Branch Line;jpn.n016nam;
jpnh;JPN;N16;;Yok;Tōkyō Ring Road Yokosuka;jpn.n016yok;
jpnh;JPN;N16;;YYR;Yokohama-Yokosuka Road;jpn.n016yyr;
jpnh;JPN;N17;;;;jpn.n017;
jpnh;JPN;N17;;Age;Ageo Road;jpn.n017age;
jpnh;JPN;N17;;Fuk;Fukaya Bypass;jpn.n017fuk;
jpnh;JPN;N17;;Job;Jōbu Road;jpn.n017job;
jpnh;JPN;N17;;Kum;Kumagaya Bypass;jpn.n017kum;
jpnh;JPN;N17;;Mui;Muikamachi Bypass;jpn.n017mui;
jpnh;JPN;N17;;Omi;Shin Ōmiya Bypass;jpn.n017omi;
jpnh;JPN;N17;;Shi;Shibukawa West Bypass;jpn.n017shi;
jpnh;JPN;N17;;Ura;Urasa Bypass;jpn.n017ura;
jpnh;JPN;N18;;;;jpn.n018;
jpnh;JPN;N18;;Kar;Karuizawa Bypass;jpn.n018kar;
jpnh;JPN;N18;;Nag;Nagano Higashi Bypass;jpn.n018nag;
jpnh;JPN;N18;;Sak;Sakaki-Kōshoku Bypass;jpn.n018sak;
jpnh;JPN;N18;;Shi;Shinanomachi Spur;jpn.n018shi;
jpnh;JPN;N18;;Ued;Ueda Bypass;jpn.n018ued;
jpnh;JPN;N19;;;;jpn.n019;
jpnh;JPN;N19;;Nag;Nagano Minami Bypass;jpn.n019nag;
jpnh;JPN;N20;;;;jpn.n020;
jpnh;JPN;N20;;Hac;Hachioji Minami Bypass;jpn.n020hac;
jpnh;JPN;N20;;Mej;Hachioji Minami Bypass Mejiro;jpn.n020mej;
jpnh;JPN;N20;;Ots;Ōtsuki Bypass;jpn.n020ots;
jpnh;JPN;N20;;Shi;Shimosuwa-Okaya Bypass;jpn.n020shi;
jpnh;JPN;N20;;Suw;Suwa Bypass;jpn.n020suw;
jpnh;JPN;N21;;;;jpn.n021;
jpnh;JPN;N21;;Mit;Mitake Old Road;jpn.n021mit;
jpnh;JPN;N21;;Sek;Sekigahara Bypass;jpn.n021sek;
jpnh;JPN;N22;;;;jpn.n022;
jpnh;JPN;N23;;;;jpn.n023;
jpnh;JPN;N23;;Chu;Chūsei Bypass;jpn.n023chu;
jpnh;JPN;N23;;Kot;Kota Spur;jpn.n023kot;
jpnh;JPN;N23;;Toy;Toyoaki Connector;jpn.n023toy;
jpnh;JPN;N24;;;;jpn.n024;
jpnh;JPN;N24;;Kas;Kashihara Bypass;jpn.n024kas;
jpnh;JPN;N24;;Kei;Keinawa Expressway;jpn.n024kei;
jpnh;JPN;N24;;Ten;Kashihara Bypass Tenri;jpn.n024ten;
jpnh;JPN;N24;;Wak;Wakayama Bypass;jpn.n024wak;
jpnh;JPN;N25;;;;jpn.n025;
jpnh;JPN;N25;;Ika;Ikaruga Parkway;jpn.n025ika;
jpnh;JPN;N25;;Mei;Meihan Expressway;jpn.n025mei;
jpnh;JPN;N25;;Nan;Naniwa Bypass;jpn.n025nan;
jpnh;JPN;N26;;;;jpn.n026;
jpnh;JPN;N27;;;;jpn.n027;
jpnh;JPN;N28;;;Kōbe;jpn.n028;
jpnh;JPN;N28;;Awa;Awajishima;jpn.n028awa;
jpnh;JPN;N28;;Iwa;Iwaji Spur;jpn.n028iwa;
jpnh;JPN;N28;;KAN;Kōbe-Awaji-Naruto Expressway;jpn.n028kan;
jpnh;JPN;N28;;Tok;Tokushima;jpn.n028tok;
jpnh;JPN;N29;;;;jpn.n029;
jpnh;JPN;N30;;;;jpn.n030;
jpnh;JPN;N30;;Set;Seto Chūo Expressway;jpn.n030set;
jpnh;JPN;N30;;Tak;Takamatsu;jpn.n030tak;
jpnh;JPN;N31;;;;jpn.n031;
jpnh;JPN;N31;;Kur;Hiroshima-Kure Road;jpn.n031kur;
jpnh;JPN;N32;;;;jpn.n032;
jpnh;JPN;N32;;Koc;Kōchi Spur;jpn.n032koc;
jpnh;JPN;N33;;;;jpn.n033;
jpnh;JPN;N33;;Mat;Matsuyama Outer Ring Road;jpn.n033mat;
jpnh;JPN;N34;;;;jpn.n034;
jpnh;JPN;N34;;Nag;Nagasaki Bypass;jpn.n034nag;
jpnh;JPN;N34;;Sho;Nagasaki Bypass Showa Spur;jpn.n034sho;
jpnh;JPN;N34;;Tak;Takeo Bypass;jpn.n034tak;
jpnh;JPN;N35;;;;jpn.n035;
jpnh;JPN;N36;;;;jpn.n036;
jpnh;JPN;N37;;;;jpn.n037;
jpnh;JPN;N37;;Hak;Hakuchō Bypass;jpn.n037hak;
jpnh;JPN;N38;;;;jpn.n038;
jpnh;JPN;N38;;Fur;Furano Bypass;jpn.n038fur;
jpnh;JPN;N38;;Kus;Kushiro Bypass;jpn.n038kus;
jpnh;JPN;N39;;;;jpn.n039;
jpnh;JPN;N39;;Bih;Bihoro Bypass;jpn.n039bih;
jpnh;JPN;N39;;Kit;Kitami Road;jpn.n039kit;
jpnh;JPN;N40;;;;jpn.n040;
jpnh;JPN;N40;;Nay;Nayoro-Bifuka Road;jpn.n040nay;
jpnh;JPN;N40;;Toy;Toyotomi Bypass;jpn.n040toy;
jpnh;JPN;N41;;;;jpn.n041;
jpnh;JPN;N42;;;Aichi;jpn.n042;
jpnh;JPN;N42;;Ari;Arida Kainan Road;jpn.n042ari;
jpnh;JPN;N42;;ArS;Arida Kainan Road South Section;jpn.n042ars;
jpnh;JPN;N42;;Gob;Hanwa Expressway Gobo;jpn.n042gob;
jpnh;JPN;N42;;IFT;Ise Futami Toba Line;jpn.n042ift;
jpnh;JPN;N42;;Kih;Kiho Expressway;jpn.n042kih;
jpnh;JPN;N42;;Kii;Kii;jpn.n042kii;
jpnh;JPN;N42;;Owa;Kumano-Owase Road;jpn.n042owa;
jpnh;JPN;N42;;Shi;Nachikatsuura-Shingu Road;jpn.n042shi;
jpnh;JPN;N43;;;;jpn.n043;
jpnh;JPN;N44;;;;jpn.n044;
jpnh;JPN;N44;;Kus;Kushiro Bypass;jpn.n044kus;
jpnh;JPN;N44;;Nem;Nemuro Bypass;jpn.n044nem;
jpnh;JPN;N45;;;;jpn.n045;
jpnh;JPN;N45;;Kam;Kamaishi Spur;jpn.n045kam;
jpnh;JPN;N45;;San;Sanriku Expressway;jpn.n045san;
jpnh;JPN;N46;;;;jpn.n046;
jpnh;JPN;N47;;;;jpn.n047;
jpnh;JPN;N47;;Mot;Motoaikai Old Road;jpn.n047mot;
jpnh;JPN;N47;;SHR;Sendai-Hokubu Expressway;jpn.n047shr;
jpnh;JPN;N48;;;;jpn.n048;
jpnh;JPN;N49;;;;jpn.n049;
jpnh;JPN;N49;;Mik;Mikawa Old Road;jpn.n049mik;
jpnh;JPN;N49;;Tsu;Tsugawa Old Road;jpn.n049tsu;
jpnh;JPN;N50;;;;jpn.n050;
jpnh;JPN;N50;;Mit;Mito Bypass;jpn.n050mit;
jpnh;JPN;N51;;;;jpn.n051;
jpnh;JPN;N51;;Jin;Jingu Bridge Old Road;jpn.n051jin;
jpnh;JPN;N51;;KC;Kita Chiba Bypass;jpn.n051kc;
jpnh;JPN;N52;;;;jpn.n052;
jpnh;JPN;N53;;;;jpn.n053;
jpnh;JPN;N53;;Tsu;Tsuyama Bypass;jpn.n053tsu;
jpnh;JPN;N54;;;;jpn.n054;
jpnh;JPN;N55;;;;jpn.n055;
jpnh;JPN;N55;;Ana;Anan Road;jpn.n055ana;
jpnh;JPN;N55;;Kik;Hiwasa Road;jpn.n055kik;
jpnh;JPN;N55;;Koc;Kōchi-Tōbu Expressway;jpn.n055koc;
jpnh;JPN;N56;;;;jpn.n056;
jpnh;JPN;N56;;Kub;Kubokawa-Saga Road;jpn.n056kub;
jpnh;JPN;N56;;Mat;Matsuyama Outer Ring Road;jpn.n056mat;
jpnh;JPN;N56;;Nak;Nakamura-Sukumo Road;jpn.n056nak;
jpnh;JPN;N56;;Ozk;Ōzu Kita Spur;jpn.n056ozk;
jpnh;JPN;N56;;Ozu;Ōzu Road;jpn.n056ozu;
jpnh;JPN;N56;;Sus;Susaki Road;jpn.n056sus;
jpnh;JPN;N56;;Uwa;Uwajima Road;jpn.n056uwa;
jpnh;JPN;N57;;;;jpn.n057;
jpnh;JPN;N57;;Kit;Kitagawa-Fukkyū Road;jpn.n057kit;
jpnh;JPN;N57;;Nag;Nagasaki;jpn.n057nag;
jpnh;JPN;N57;;Shi;Shimabara Road;jpn.n057shi;
jpnh;JPN;N58;;;Kagoshima;jpn.n058;
jpnh;JPN;N58;;Ama;Amami Oshima;jpn.n058ama;
jpnh;JPN;N58;;Gin;Ginowan Bypass;jpn.n058gin;
jpnh;JPN;N58;;Nag;Nago East Bypass;jpn.n058nag;
jpnh;JPN;N58;;Nah;Naha West Road;jpn.n058nah;
jpnh;JPN;N58;;Oki;Okinawa;jpn.n058oki;
jpnh;JPN;N58;;Onn;Onna Bypass;jpn.n058onn;
jpnh;JPN;N58;;OnS;Onna South Bypass;jpn.n058ons;
jpnh;JPN;N58;;Tan;Tanegashima;jpn.n058tan;
jpnh;JPN;N58;;Ura;Urasoe North Road;jpn.n058ura;
jpnh;JPN;N58;;YoN;Yomitan Road N segment;jpn.n058yon;
jpnh;JPN;N58;;YoS;Yomitan Road S segment;jpn.n058yos;
jpnh;JPN;N101;;;;jpn.n101;
jpnh;JPN;N101;;Aji;Ajigasawa section E64Aji;jpn.n101aji;
jpnh;JPN;N101;;Tsu;Tsugaru Expressway E64;jpn.n101tsu;
jpnh;JPN;N102;;;;jpn.n102;
jpnh;JPN;N102;;Oir;Oirase Bypass;jpn.n102oir;
jpnh;JPN;N103;;;;jpn.n103;
jpnh;JPN;N103;;Uta;Utarube Old Road;jpn.n103uta;
jpnh;JPN;N103;;Yok;Yokouchi Old Road;jpn.n103yok;
jpnh;JPN;N104;;;;jpn.n104;
jpnh;JPN;N105;;;;jpn.n105;
jpnh;JPN;N105;;Oma;Ōmagari Nishi Road;jpn.n105oma;
jpnh;JPN;N106;;;;jpn.n106;
jpnh;JPN;N106;;Hak;Miyako-Hakoishi Rd Hakoishi section;jpn.n106hak;
jpnh;JPN;N106;;Har;Miyako-Hakoishi Rd Haratai section;jpn.n106har;
jpnh;JPN;N106;;Hir;Hiratsuto-Matsukusa Rd Hiratsuto section;jpn.n106hir;
jpnh;JPN;N106;;Kuz;Kuzakai Road;jpn.n106kuz;
jpnh;JPN;N106;;Miy;Miyako Nishi Road;jpn.n106miy;
jpnh;JPN;N106;;Shi;Miyako-Hakoishi Rd Shimokawai section;jpn.n106shi;
jpnh;JPN;N106;;Ton;Tonan-Kawame Road;jpn.n106ton;
jpnh;JPN;N107;;;;jpn.n107;
jpnh;JPN;N108;;;;jpn.n108;
jpnh;JPN;N108;;Fur;Furukawa Higashi Bypass;jpn.n108fur;
jpnh;JPN;N108;;Nar;Naruko Old Road;jpn.n108nar;
jpnh;JPN;N108;;Shi;Shimokogawa Old Road;jpn.n108shi;
jpnh;JPN;N112;;;;jpn.n112;
jpnh;JPN;N112;;Gas;Gassan Road;jpn.n112gas;
jpnh;JPN;N113;;;;jpn.n113;
jpnh;JPN;N113;;Ots;Otsuka Old Road;jpn.n113ots;
jpnh;JPN;N113;;Tok;Tōkōsen Bypass;jpn.n113tok;
jpnh;JPN;N114;;;;jpn.n114;
jpnh;JPN;N115;;;;jpn.n115;
jpnh;JPN;N115;;Fuk;Fukushima Bypass E13;jpn.n115fuk;
jpnh;JPN;N115;;Som;Sōma Old Road;jpn.n115som;
jpnh;JPN;N116;;;;jpn.n116;
jpnh;JPN;N117;;;;jpn.n117;
jpnh;JPN;N118;;;;jpn.n118;
jpnh;JPN;N118;;Hos;Hosaka Pass Old Road;jpn.n118hos;
jpnh;JPN;N118;;Onu;Onumazaki Bypass;jpn.n118onu;
jpnh;JPN;N118;;Wak;Wakamatsu Nishi Bypass;jpn.n118wak;
jpnh;JPN;N119;;;;jpn.n119;
jpnh;JPN;N119;;Nik;Nikkō Old Road;jpn.n119nik;
jpnh;JPN;N119;;NUR;Nikkō-Utsunomiya Road;jpn.n119nur;
jpnh;JPN;N119;;Uts;Utsunomiya Ring Road - North Road;jpn.n119uts;
jpnh;JPN;N120;;;;jpn.n120;
jpnh;JPN;N120;;Iro;Iroha Road #1;jpn.n120iro;
jpnh;JPN;N120;;Nik;Nikkō-Utsunomiya Road;jpn.n120nik;
jpnh;JPN;N121;;;;jpn.n121;
jpnh;JPN;N121;;Aiz;Aizu Jūkan North Road;jpn.n121aiz;
jpnh;JPN;N121;;Ika;Ikari Old Road;jpn.n121ika;
jpnh;JPN;N121;;Ima;Imaichi Spur;jpn.n121ima;
jpnh;JPN;N121;;Ita;Itabashi Bypass;jpn.n121ita;
jpnh;JPN;N121;;Kin;Kinugawa Bypass;jpn.n121kin;
jpnh;JPN;N121;;Kon;Kinugawa Onsen Old Road;jpn.n121kon;
jpnh;JPN;N121;;Oku;Ōkuwa Old Road;jpn.n121oku;
jpnh;JPN;N121;;Sat;Satsuki Road;jpn.n121sat;
jpnh;JPN;N122;;;;jpn.n122;
jpnh;JPN;N122;;Iwa;Iwatsuki Old Road;jpn.n122iwa;
jpnh;JPN;N122;;Yae;Yaegasa Road;jpn.n122yae;
jpnh;JPN;N123;;;;jpn.n123;
jpnh;JPN;N123;;Shi;Shirosato Old Road;jpn.n123shi;
jpnh;JPN;N124;;;;jpn.n124;
jpnh;JPN;N124;;Kas;Kashima Old Road;jpn.n124kas;
jpnh;JPN;N124;;Yat;Yatabe Old Road;jpn.n124yat;
jpnh;JPN;N125;;;;jpn.n125;
jpnh;JPN;N125;;Ami;Ami-Miho Bypass;jpn.n125ami;
jpnh;JPN;N125;;Ter;Teragu Old Road;jpn.n125ter;
jpnh;JPN;N125;;Tsu;Tsuchiura Old Road;jpn.n125tsu;
jpnh;JPN;N126;;;;jpn.n126;
jpnh;JPN;N126;;Cho;Choshi Link Road;jpn.n126cho;
jpnh;JPN;N126;;Ina;Inage Old Road;jpn.n126ina;
jpnh;JPN;N126;;Sam;Sammu-Tōgane Bypass;jpn.n126sam;
jpnh;JPN;N127;;;;jpn.n127;
jpnh;JPN;N127;;Fut;Futtsu-Tateyama Road;jpn.n127fut;
jpnh;JPN;N128;;;;jpn.n128;
jpnh;JPN;N128;;Ama;Amatsu Old Road;jpn.n128ama;
jpnh;JPN;N128;;Oki;Okitsu Old Road;jpn.n128oki;
jpnh;JPN;N128;;Tog;Togane Bypass;jpn.n128tog;
jpnh;JPN;N129;;;;jpn.n129;
jpnh;JPN;N130;;;;jpn.n130;
jpnh;JPN;N131;;;;jpn.n131;
jpnh;JPN;N132;;;;jpn.n132;
jpnh;JPN;N133;;;;jpn.n133;
jpnh;JPN;N134;;;;jpn.n134;
jpnh;JPN;N134;;Ois;Ōiso Connector;jpn.n134ois;
jpnh;JPN;N135;;;;jpn.n135;
jpnh;JPN;N135;;Ito;Itō Old Road;jpn.n135ito;
jpnh;JPN;N135;;Man;Manazuru Road;jpn.n135man;
jpnh;JPN;N136;;;;jpn.n136;
jpnh;JPN;N136;;Izu;Izu Bypass;jpn.n136izu;
jpnh;JPN;N137;;;;jpn.n137;
jpnh;JPN;N137;;Yos;Yoshida-Kawaguchiko Bypass;jpn.n137yos;
jpnh;JPN;N138;;;;jpn.n138;
jpnh;JPN;N138;;Fuj;Higashi-Fujigoko Road;jpn.n138fuj;
jpnh;JPN;N139;;;;jpn.n139;
jpnh;JPN;N139;;FIN;Fuji Improvement North;jpn.n139fin;
jpnh;JPN;N139;;FIS;Fuji Improvement South;jpn.n139fis;
jpnh;JPN;N139;;Fuj;Fujimi Bypass;jpn.n139fuj;
jpnh;JPN;N139;;Tsu;Tsuru Bypass;jpn.n139tsu;
jpnh;JPN;N140;;;;jpn.n140;
jpnh;JPN;N140;;Han;Hanazono Bypass;jpn.n140han;
jpnh;JPN;N140;;Man;Manriki Connector;jpn.n140man;
jpnh;JPN;N140;;Min;Minano Bypass;jpn.n140min;
jpnh;JPN;N140;;NKR;Nishi Kantō Road;jpn.n140nkr;
jpnh;JPN;N140;;Ota;Otaki Old Road;jpn.n140ota;
jpnh;JPN;N140;;Ott;Otaki Tunnel;jpn.n140ott;
jpnh;JPN;N140;;Yam;Shin-Yamanashi Ring Road;jpn.n140yam;
jpnh;JPN;N141;;;;jpn.n141;
jpnh;JPN;N142;;;;jpn.n142;
jpnh;JPN;N142;;Shi;Shimosuwa Bypass;jpn.n142shi;
jpnh;JPN;N142;;Wad;Wada Old Road;jpn.n142wad;
jpnh;JPN;N143;;;;jpn.n143;
jpnh;JPN;N144;;;;jpn.n144;
jpnh;JPN;N145;;;;jpn.n145;
jpnh;JPN;N145;;Aga;Agatsuma West Bypass;jpn.n145aga;
jpnh;JPN;N146;;;;jpn.n146;
jpnh;JPN;N147;;;;jpn.n147;
jpnh;JPN;N148;;;;jpn.n148;
jpnh;JPN;N148;;Ota;Otari Old Road;jpn.n148ota;
jpnh;JPN;N149;;;;jpn.n149;
jpnh;JPN;N150;;;;jpn.n150;
jpnh;JPN;N150;;Hai;Shida-Hainan Bypass;jpn.n150hai;
jpnh;JPN;N150;;Kak;Kaketsuka Bypass;jpn.n150kak;
jpnh;JPN;N150;;Nan;Nan-en Road;jpn.n150nan;
jpnh;JPN;N150;;Shi;Shimizu Bypass;jpn.n150shi;
jpnh;JPN;N150;;Yai;Yaizu Bypass;jpn.n150yai;
jpnh;JPN;N151;;;;jpn.n151;
jpnh;JPN;N151;;Mut;Mutsuzawa Old Road;jpn.n151mut;
jpnh;JPN;N152;;;Nagano-ken;jpn.n152;
jpnh;JPN;N152;;Hir;Hiryū Road;jpn.n152hir;
jpnh;JPN;N152;;Iid;Iida-shi;jpn.n152iid;
jpnh;JPN;N152;;Shi;Shizuoka-ken;jpn.n152shi;
jpnh;JPN;N152;;Yuk;Yukawa Bypass;jpn.n152yuk;
jpnh;JPN;N153;;;;jpn.n153;
jpnh;JPN;N153;;Iid;Iida Old Road;jpn.n153iid;
jpnh;JPN;N153;;Ina;Ina Bypass;jpn.n153ina;
jpnh;JPN;N153;;Min;Minowa Bypass;jpn.n153min;
jpnh;JPN;N153;;Toy;Toyota-Kanpachi Spur;jpn.n153toy;
jpnh;JPN;N154;;;;jpn.n154;
jpnh;JPN;N155;;;;jpn.n155;
jpnh;JPN;N155;;Chi;Nishi Chita Sangyou Bypass;jpn.n155chi;
jpnh;JPN;N155;;Kom;Komaki-Ichinomiya Bypass;jpn.n155kom;
jpnh;JPN;N156;;;;jpn.n156;
jpnh;JPN;N156;;Gif;Gifu Higashi Bypass;jpn.n156gif;
jpnh;JPN;N156;;Shi;Shirakawa Bypass;jpn.n156shi;
jpnh;JPN;N157;;;;jpn.n157;
jpnh;JPN;N157;;Ono;Ono Spur;jpn.n157ono;
jpnh;JPN;N158;;;;jpn.n158;
jpnh;JPN;N158;;Abu;Chūbu Jūkan Expressway Aburasaka;jpn.n158abu;
jpnh;JPN;N158;;Eih;Chūbu Jūkan Expressway Eiheiji;jpn.n158eih;
jpnh;JPN;N158;;Hir;Chūbu Jūkan Expressway Hirayu;jpn.n158hir;
jpnh;JPN;N158;;Nar;Narase-Sakaiji Bypass;jpn.n158nar;
jpnh;JPN;N158;;Ono;Ōno Bypass;jpn.n158ono;
jpnh;JPN;N158;;Tak;Chūbu Jūkan Expressway Takayama;jpn.n158tak;
jpnh;JPN;N159;;;;jpn.n159;
jpnh;JPN;N159;;Hak;Hakui Old Road;jpn.n159hak;
jpnh;JPN;N160;;;;jpn.n160;
jpnh;JPN;N161;;;;jpn.n161;
jpnh;JPN;N162;;;;jpn.n162;
jpnh;JPN;N163;;;;jpn.n163;
jpnh;JPN;N163;;Kiz;Kizugawa Bypass;jpn.n163kiz;
jpnh;JPN;N163;;Koj;Minamikouji Bypass;jpn.n163koj;
jpnh;JPN;N163;;Shi;Shimotawara Old Road;jpn.n163shi;
jpnh;JPN;N164;;;;jpn.n164;
jpnh;JPN;N165;;;;jpn.n165;
jpnh;JPN;N165;;Kas;Kashihara Bypass;jpn.n165kas;
jpnh;JPN;N165;;Yam;Yamatotakada Bypass;jpn.n165yam;
jpnh;JPN;N165;;YTK;Yamatotakada Bypass Kashiba;jpn.n165ytk;
jpnh;JPN;N166;;;;jpn.n166;
jpnh;JPN;N166;;MHR;Minami Hanna Road;jpn.n166mhr;
jpnh;JPN;N166;;Yam;Yamatotakada Spur;jpn.n166yam;
jpnh;JPN;N167;;;;jpn.n167;
jpnh;JPN;N167;;Ise;Daini Ise Road;jpn.n167ise;
jpnh;JPN;N168;;;;jpn.n168;
jpnh;JPN;N168;;Ama;Amanogawa Bypass South;jpn.n168ama;
jpnh;JPN;N168;;AmN;Amanogawa Bypass North;jpn.n168amn;
jpnh;JPN;N168;;Heg;Heguri Old Road;jpn.n168heg;
jpnh;JPN;N168;;Iko;Ikowa Old Road;jpn.n168iko;
jpnh;JPN;N168;;Kas;Kashiba Connector;jpn.n168kas;
jpnh;JPN;N168;;Kum;Kumanogawa Old Road;jpn.n168kum;
jpnh;JPN;N168;;Min;Minamitaharachō Old Road;jpn.n168min;
jpnh;JPN;N168;;Oga;Oga Old Road;jpn.n168oga;
jpnh;JPN;N168;;Oto;Oto Old Road;jpn.n168oto;
jpnh;JPN;N168;;Oze;Ozecho Old Road;jpn.n168oze;
jpnh;JPN;N168;;Sak;Sakamoto Old Road;jpn.n168sak;
jpnh;JPN;N168;;Tot;Totsukawa Old Road;jpn.n168tot;
jpnh;JPN;N168;;Uen;Uenoji Old Road;jpn.n168uen;
jpnh;JPN;N169;;;;jpn.n169;
jpnh;JPN;N169;;Kum;Kumanogawa Old Road;jpn.n169kum;
jpnh;JPN;N169;;Nis;Nishihara Old Road;jpn.n169nis;
jpnh;JPN;N169;;Oga;Oga Old Road;jpn.n169oga;
jpnh;JPN;N169;;Sak;Sakurai Bypass;jpn.n169sak;
jpnh;JPN;N169;;Tak;Takatori Bypass;jpn.n169tak;
jpnh;JPN;N170;;;;jpn.n170;
jpnh;JPN;N170;;Fur;Furuichi Spur;jpn.n170fur;
jpnh;JPN;N170;;Izu;Old Sotokan Road Izumi section;jpn.n170izu;
jpnh;JPN;N170;;Kas;Kashiwara Spur;jpn.n170kas;
jpnh;JPN;N170;;Ney;Old Sotokan Road Neyagawa section;jpn.n170ney;
jpnh;JPN;N170;;Shi;Shikichō Spur;jpn.n170shi;
jpnh;JPN;N170;;Snw;Shijonawate Old Road;jpn.n170snw;
jpnh;JPN;N171;;;;jpn.n171;
jpnh;JPN;N172;;;;jpn.n172;
jpnh;JPN;N173;;;;jpn.n173;
jpnh;JPN;N174;;;;jpn.n174;
jpnh;JPN;N175;;;;jpn.n175;
jpnh;JPN;N175;;Kan;Kandechō Old Road;jpn.n175kan;
jpnh;JPN;N175;;Nis;Nishiwaki Bypass;jpn.n175nis;
jpnh;JPN;N176;;;;jpn.n176;
jpnh;JPN;N176;;Naj;Najio Old Road;jpn.n176naj;
jpnh;JPN;N176;;Tak;Takarazuka Bypass;jpn.n176tak;
jpnh;JPN;N177;;;;jpn.n177;
jpnh;JPN;N178;;;;jpn.n178;
jpnh;JPN;N178;;Ama;Amarube Connector;jpn.n178ama;
jpnh;JPN;N178;;Kam;Kami Connector;jpn.n178kam;
jpnh;JPN;N179;;;;jpn.n179;
jpnh;JPN;N180;;;;jpn.n180;
jpnh;JPN;N180;;Oka;Okayama Nishi Bypass;jpn.n180oka;
jpnh;JPN;N180;;Soj;Sōja-Ichinomiya Bypass;jpn.n180soj;
jpnh;JPN;N181;;;;jpn.n181;
jpnh;JPN;N182;;;;jpn.n182;
jpnh;JPN;N183;;;;jpn.n183;
jpnh;JPN;N184;;;;jpn.n184;
jpnh;JPN;N185;;;;jpn.n185;
jpnh;JPN;N185;;Aki;Akizu Bypass;jpn.n185aki;
jpnh;JPN;N186;;;;jpn.n186;
jpnh;JPN;N187;;;;jpn.n187;
jpnh;JPN;N188;;;;jpn.n188;
jpnh;JPN;N188;;Iwa;Iwakuni Minami Bypass;jpn.n188iwa;
jpnh;JPN;N189;;;;jpn.n189;
jpnh;JPN;N190;;;;jpn.n190;
jpnh;JPN;N191;;;;jpn.n191;
jpnh;JPN;N191;;Hag;Hagi-Misumi Road;jpn.n191hag;
jpnh;JPN;N192;;;;jpn.n192;
jpnh;JPN;N192;;ToE;Tokushima South Loop Road E segment;jpn.n192toe;
jpnh;JPN;N192;;ToW;Tokushima South Loop Road W segment;jpn.n192tow;
jpnh;JPN;N193;;;Northern Section;jpn.n193;
jpnh;JPN;N193;;Kag;Kagawachō Old Road;jpn.n193kag;
jpnh;JPN;N193;;Kai;Southern Section;jpn.n193kai;
jpnh;JPN;N193;;Ofu;Ofuchi Old Road;jpn.n193ofu;
jpnh;JPN;N193;;Wak;Waki Spur;jpn.n193wak;
jpnh;JPN;N194;;;;jpn.n194;
jpnh;JPN;N195;;;;jpn.n195;
jpnh;JPN;N195;;Koc;Akebono Highway;jpn.n195koc;
jpnh;JPN;N196;;;;jpn.n196;
jpnh;JPN;N197;;;;jpn.n197;
jpnh;JPN;N197;;OHB;Ōita Higashi Bypass;jpn.n197ohb;
jpnh;JPN;N197;;Oit;Ōita;jpn.n197oit;
jpnh;JPN;N197;;Ozu;Ōzu-Yawatahama Bypass;jpn.n197ozu;
jpnh;JPN;N197;;Tak;Takasagomachi Oita Spur;jpn.n197tak;
jpnh;JPN;N198;;;;jpn.n198;
jpnh;JPN;N199;;;;jpn.n199;
jpnh;JPN;N199;;Hon;Honjo Bypass;jpn.n199hon;
jpnh;JPN;N199;;Kit;Kitakyūshū Old Road;jpn.n199kit;
jpnh;JPN;N200;;;;jpn.n200;
jpnh;JPN;N200;;Nog;Nōgata-Īzuka Bypass;jpn.n200nog;
jpnh;JPN;N200;;Yam;Yamae Old Road;jpn.n200yam;
jpnh;JPN;N201;;;;jpn.n201;
jpnh;JPN;N201;;Yak;Yakiyama-Īzuka Bypass;jpn.n201yak;
jpnh;JPN;N201;;Yuk;Yukuhashi Bypass;jpn.n201yuk;
jpnh;JPN;N202;;;;jpn.n202;
jpnh;JPN;N202;;Asa;Asahio Bridge;jpn.n202asa;
jpnh;JPN;N202;;Ega;Egami Bypass;jpn.n202ega;
jpnh;JPN;N202;;Fuk;Fukuoka Outer Loop Road;jpn.n202fuk;
jpnh;JPN;N202;;Ima;Imajuku Bypass;jpn.n202ima;
jpnh;JPN;N202;;Ose;Ōseto Old Road;jpn.n202ose;
jpnh;JPN;N203;;;;jpn.n203;
jpnh;JPN;N203;;Kyu;Kyūragi-Taku Road;jpn.n203kyu;
jpnh;JPN;N203;;Tak;Taku East Bypass;jpn.n203tak;
jpnh;JPN;N204;;;;jpn.n204;
jpnh;JPN;N204;;Ima;Imari Bypass;jpn.n204ima;
jpnh;JPN;N204;;Mat;Matsuura Bypass;jpn.n204mat;
jpnh;JPN;N204;;Nag;Nagoya Old Road;jpn.n204nag;
jpnh;JPN;N204;;Tob;Tobo Bypass;jpn.n204tob;
jpnh;JPN;N205;;;;jpn.n205;
jpnh;JPN;N206;;;;jpn.n206;
jpnh;JPN;N206;;Kaw;Kawahira Toll Road;jpn.n206kaw;
jpnh;JPN;N206;;Kom;Komukae Bypass;jpn.n206kom;
jpnh;JPN;N207;;;;jpn.n207;
jpnh;JPN;N207;;Kas;Kashima Bypass;jpn.n207kas;
jpnh;JPN;N207;;Nag;Nagata Bypass;jpn.n207nag;
jpnh;JPN;N208;;;;jpn.n208;
jpnh;JPN;N208;;Ari;Ariake-Engan Road;jpn.n208ari;
jpnh;JPN;N209;;;;jpn.n209;
jpnh;JPN;N210;;;;jpn.n210;
jpnh;JPN;N210;;Uki;Ukiha Bypass;jpn.n210uki;
jpnh;JPN;N211;;;;jpn.n211;
jpnh;JPN;N212;;;;jpn.n212;
jpnh;JPN;N212;;Nak;Nakatsu-Hita Road;jpn.n212nak;
jpnh;JPN;N212;;Yab;Yabakei Road;jpn.n212yab;
jpnh;JPN;N213;;;;jpn.n213;
jpnh;JPN;N213;;Oit;Oita Airport Road;jpn.n213oit;
jpnh;JPN;N217;;;;jpn.n217;
jpnh;JPN;N217;;Hir;Hiraiwa-Matsuzaki Bypass;jpn.n217hir;
jpnh;JPN;N217;;Sag;Saganoseki Old Road;jpn.n217sag;
jpnh;JPN;N217;;Sai;Saiki-Yayoi Bypass;jpn.n217sai;
jpnh;JPN;N218;;;;jpn.n218;
jpnh;JPN;N218;;Kit;Kitakata Nobeoka Road;jpn.n218kit;
jpnh;JPN;N218;;Tak;Takachiho-Hinokage Road;jpn.n218tak;
jpnh;JPN;N219;;;;jpn.n219;
jpnh;JPN;N219;;Hir;Hirose Bypass;jpn.n219hir;
jpnh;JPN;N220;;;;jpn.n220;
jpnh;JPN;N220;;Fur;Furue Bypass;jpn.n220fur;
jpnh;JPN;N221;;;;jpn.n221;
jpnh;JPN;N222;;;;jpn.n222;
jpnh;JPN;N222;;Ush;Ushinotōge Bypass;jpn.n222ush;
jpnh;JPN;N223;;;;jpn.n223;
jpnh;JPN;N223;;Hay;Hayacho Old Road;jpn.n223hay;
jpnh;JPN;N224;;;;jpn.n224;
jpnh;JPN;N224;;Kag;Kagoshima;jpn.n224kag;
jpnh;JPN;N225;;;;jpn.n225;
jpnh;JPN;N226;;;;jpn.n226;
jpnh;JPN;N226;;Kas;Kasasa Old Road;jpn.n226kas;
jpnh;JPN;N227;;;;jpn.n227;
jpnh;JPN;N228;;;;jpn.n228;
jpnh;JPN;N228;;Hak;Hakodate-Esashi Expressway;jpn.n228hak;
jpnh;JPN;N229;;;;jpn.n229;
jpnh;JPN;N229;;Oto;Otobe;jpn.n229oto;
jpnh;JPN;N230;;;;jpn.n230;
jpnh;JPN;N231;;;;jpn.n231;
jpnh;JPN;N231;;Rum;Rumoi Bypass;jpn.n231rum;
jpnh;JPN;N232;;;;jpn.n232;
jpnh;JPN;N232;;Tes;Teshio Bypass;jpn.n232tes;
jpnh;JPN;N233;;;;jpn.n233;
jpnh;JPN;N233;;Fuk;Fukagawa-Rumoi Expressway;jpn.n233fuk;
jpnh;JPN;N234;;;;jpn.n234;
jpnh;JPN;N235;;;;jpn.n235;
jpnh;JPN;N235;;Hid;Hidaka Expressway;jpn.n235hid;
jpnh;JPN;N236;;;;jpn.n236;
jpnh;JPN;N236;;Obi;Obihiro-Hiroo Expressway;jpn.n236obi;
jpnh;JPN;N237;;;;jpn.n237;
jpnh;JPN;N238;;;;jpn.n238;
jpnh;JPN;N239;;;;jpn.n239;
jpnh;JPN;N240;;;;jpn.n240;
jpnh;JPN;N241;;;;jpn.n241;
jpnh;JPN;N241;;Obi;Obihiro Old Road;jpn.n241obi;
jpnh;JPN;N242;;;;jpn.n242;
jpnh;JPN;N243;;;;jpn.n243;
jpnh;JPN;N244;;;;jpn.n244;
jpnh;JPN;N245;;;;jpn.n245;
jpnh;JPN;N246;;;;jpn.n246;
jpnh;JPN;N246;;Nag;Nagatachō Spur;jpn.n246nag;
jpnh;JPN;N246;;Tam;Tamagawa Old Road;jpn.n246tam;
jpnh;JPN;N247;;;;jpn.n247;
jpnh;JPN;N247;;Chi;Nishi Chita-Sangyō Bypass;jpn.n247chi;
jpnh;JPN;N248;;;;jpn.n248;
jpnh;JPN;N248;;Set;Seto Higashi Bypass;jpn.n248set;
jpnh;JPN;N249;;;;jpn.n249;
jpnh;JPN;N249;;Waj;Wajima Bypass;jpn.n249waj;
jpnh;JPN;N250;;;;jpn.n250;
jpnh;JPN;N250;;Nag;Nagayo Spur;jpn.n250nag;
jpnh;JPN;N251;;;;jpn.n251;
jpnh;JPN;N251;;Ain;Aino Bypass;jpn.n251ain;
jpnh;JPN;N251;;Shi;Shimabara Bypass;jpn.n251shi;
jpnh;JPN;N252;;;;jpn.n252;
jpnh;JPN;N253;;;;jpn.n253;
jpnh;JPN;N253;;Joe;Jonumado Jōetsu;jpn.n253joe;
jpnh;JPN;N253;;Ura;Jonumado Uragawa;jpn.n253ura;
jpnh;JPN;N254;;;;jpn.n254;
jpnh;JPN;N254;;Fuj;Fujimi-Kawagoe Bypass;jpn.n254fuj;
jpnh;JPN;N254;;Oga;Ogawa Bypass;jpn.n254oga;
jpnh;JPN;N254;;Tom;Tomioka Bypass;jpn.n254tom;
jpnh;JPN;N254;;Uch;Uchiyama Pass Old Road;jpn.n254uch;
jpnh;JPN;N254;;Wak;Wakō-Fujimi Bypass;jpn.n254wak;
jpnh;JPN;N254;;Yan;Yanasegawa Road;jpn.n254yan;
jpnh;JPN;N255;;;;jpn.n255;
jpnh;JPN;N256;;;;jpn.n256;
jpnh;JPN;N256;;Kam;Kamimura;jpn.n256kam;
jpnh;JPN;N256;;Ote;Otera Bypass;jpn.n256ote;
jpnh;JPN;N256;;Yam;Takatomi Bypass Yamagata;jpn.n256yam;
jpnh;JPN;N257;;;;jpn.n257;
jpnh;JPN;N257;;Ham;Miyakoda Techno Road;jpn.n257ham;
jpnh;JPN;N257;;Sho;Shokawa;jpn.n257sho;
jpnh;JPN;N258;;;;jpn.n258;
jpnh;JPN;N259;;;;jpn.n259;
jpnh;JPN;N259;;Oit;Oitsu Spur;jpn.n259oit;
jpnh;JPN;N259;;Tob;Toba;jpn.n259tob;
jpnh;JPN;N260;;;Shima;jpn.n260;
jpnh;JPN;N260;;Kih;Kihoku;jpn.n260kih;
jpnh;JPN;N261;;;;jpn.n261;
jpnh;JPN;N262;;;;jpn.n262;
jpnh;JPN;N263;;;;jpn.n263;
jpnh;JPN;N263;;Mit;Mitsuse Tunnel Toll Road;jpn.n263mit;
jpnh;JPN;N263;;Sag;Saga Old Road;jpn.n263sag;
jpnh;JPN;N264;;;;jpn.n264;
jpnh;JPN;N265;;;;jpn.n265;
jpnh;JPN;N266;;;;jpn.n266;
jpnh;JPN;N266;;Mis;Misumi-Oyano Road;jpn.n266mis;
jpnh;JPN;N267;;;;jpn.n267;
jpnh;JPN;N268;;;;jpn.n268;
jpnh;JPN;N269;;;Ibusuki;jpn.n269;
jpnh;JPN;N269;;Miy;Miyazaki;jpn.n269miy;
jpnh;JPN;N269;;Nis;Nishihara Bypass;jpn.n269nis;
jpnh;JPN;N270;;;;jpn.n270;
jpnh;JPN;N270;;Ich;Ichikikushikino Bypass;jpn.n270ich;
jpnh;JPN;N270;;Kin;Kinpocho Old Road;jpn.n270kin;
jpnh;JPN;N271;;;Odawara-Atsugi Road;jpn.n271;
jpnh;JPN;N272;;;;jpn.n272;
jpnh;JPN;N273;;;;jpn.n273;
jpnh;JPN;N274;;;;jpn.n274;
jpnh;JPN;N274;;Shi;Shibecha Segment;jpn.n274shi;
jpnh;JPN;N275;;;;jpn.n275;
jpnh;JPN;N276;;;;jpn.n276;
jpnh;JPN;N276;;Kyo;Kyowa Old Road;jpn.n276kyo;
jpnh;JPN;N277;;;;jpn.n277;
jpnh;JPN;N278;;;;jpn.n278;
jpnh;JPN;N278;;Hak;Hakodate Bypass;jpn.n278hak;
jpnh;JPN;N278;;Osa;Osatsube Bypass;jpn.n278osa;
jpnh;JPN;N279;;;Hakodate;jpn.n279;
jpnh;JPN;N279;;Aom;Aomori;jpn.n279aom;
jpnh;JPN;N279;;Mus;Mutsu Old Road;jpn.n279mus;
jpnh;JPN;N279;;Mut;Mutsu Minami Bypass;jpn.n279mut;
jpnh;JPN;N279;;Nim;Nimaibashi Old Road;jpn.n279nim;
jpnh;JPN;N279;;Oha;Ōhata Old Road;jpn.n279oha;
jpnh;JPN;N279;;Shi;Shimokita Expressway;jpn.n279shi;
jpnh;JPN;N280;;;;jpn.n280;
jpnh;JPN;N280;;Hak;Hakodate;jpn.n280hak;
jpnh;JPN;N280;;Ima;Imabetsu Old Road;jpn.n280ima;
jpnh;JPN;N280;;Uch;Uchimanbe Bypass;jpn.n280uch;
jpnh;JPN;N281;;;;jpn.n281;
jpnh;JPN;N282;;;;jpn.n282;
jpnh;JPN;N282;;Ipp;Ippongi Old Road;jpn.n282ipp;
jpnh;JPN;N283;;;;jpn.n283;
jpnh;JPN;N283;;Kam;Kamaishi Expressway E46;jpn.n283kam;
jpnh;JPN;N283;;TSC;Tōno-Sumita Connector;jpn.n283tsc;
jpnh;JPN;N284;;;;jpn.n284;
jpnh;JPN;N285;;;;jpn.n285;
jpnh;JPN;N286;;;;jpn.n286;
jpnh;JPN;N287;;;;jpn.n287;
jpnh;JPN;N287;;Yok;Yonezawa-Kita Bypass;jpn.n287yok;
jpnh;JPN;N287;;Yon;Yonezawa-Nagai Bypass;jpn.n287yon;
jpnh;JPN;N288;;;;jpn.n288;
jpnh;JPN;N288;;Fun;Funehiki Old Road;jpn.n288fun;
jpnh;JPN;N288;;Mih;Miharu Bypass;jpn.n288mih;
jpnh;JPN;N289;;;Niigata;jpn.n289;
jpnh;JPN;N289;;Fuk;Fukushima;jpn.n289fuk;
jpnh;JPN;N289;;Tsu;Tsubame Kita Bypass;jpn.n289tsu;
jpnh;JPN;N290;;;;jpn.n290;
jpnh;JPN;N290;;Shi;Shibata Old Road;jpn.n290shi;
jpnh;JPN;N291;;;Gunma;jpn.n291;
jpnh;JPN;N291;;Nii;Niigata;jpn.n291nii;
jpnh;JPN;N292;;;;jpn.n292;
jpnh;JPN;N292;;Kus;Kusatsu Road;jpn.n292kus;
jpnh;JPN;N293;;;;jpn.n293;
jpnh;JPN;N293;;HOE;Hitachiota Bypass East;jpn.n293hoe;
jpnh;JPN;N293;;HOM;Hitachiota Bypass Middle;jpn.n293hom;
jpnh;JPN;N293;;HOW;Hitachiota Bypass West;jpn.n293how;
jpnh;JPN;N293;;Kan;Kanuma South Bypass;jpn.n293kan;
jpnh;JPN;N293;;Nao;Naoki Bypass;jpn.n293nao;
jpnh;JPN;N294;;;;jpn.n294;
jpnh;JPN;N294;;Aka;Akatsu Old Road;jpn.n294aka;
jpnh;JPN;N294;;Fuk;Konanmachi Fukura Old Road;jpn.n294fuk;
jpnh;JPN;N294;;Shi;Shirakawa Old Road;jpn.n294shi;
jpnh;JPN;N295;;;;jpn.n295;
jpnh;JPN;N296;;;;jpn.n296;
jpnh;JPN;N296;;Sak;Sakura Bypass;jpn.n296sak;
jpnh;JPN;N296;;Yac;Yachiyo Bypass;jpn.n296yac;
jpnh;JPN;N297;;;;jpn.n297;
jpnh;JPN;N297;;Ich;Ichikawa Bypass;jpn.n297ich;
jpnh;JPN;N297;;Mat;Matsuno Bypass;jpn.n297mat;
jpnh;JPN;N298;;;;jpn.n298;
jpnh;JPN;N299;;;;jpn.n299;
jpnh;JPN;N299;;Han;Hannō Old Road;jpn.n299han;
jpnh;JPN;N299;;Iru;Hannō Bypass Iruma;jpn.n299iru;
jpnh;JPN;N300;;;;jpn.n300;
jpnh;JPN;N300;;Nak;Nakanokura Old Road;jpn.n300nak;
jpnh;JPN;N301;;;;jpn.n301;
jpnh;JPN;N301;;Kos;Kosai Spur;jpn.n301kos;
jpnh;JPN;N301;;Toy;Toyota Old Road;jpn.n301toy;
jpnh;JPN;N302;;;;jpn.n302;
jpnh;JPN;N303;;;;jpn.n303;
jpnh;JPN;N303;;Nag;Nagahama Old Road;jpn.n303nag;
jpnh;JPN;N304;;;;jpn.n304;
jpnh;JPN;N305;;;;jpn.n305;
jpnh;JPN;N305;;Shi;Shiokaze Line;jpn.n305shi;
jpnh;JPN;N306;;;;jpn.n306;
jpnh;JPN;N307;;;;jpn.n307;
jpnh;JPN;N307;;Hin;Hino Old Road;jpn.n307hin;
jpnh;JPN;N308;;;;jpn.n308;
jpnh;JPN;N308;;Han;Hanna Road;jpn.n308han;
jpnh;JPN;N309;;;;jpn.n309;
jpnh;JPN;N309;;Hir;Hirohashi Old Road;jpn.n309hir;
jpnh;JPN;N310;;;;jpn.n310;
jpnh;JPN;N311;;;;jpn.n311;
jpnh;JPN;N312;;;;jpn.n312;
jpnh;JPN;N312;;Ban;Bantan Renraku Road;jpn.n312ban;
jpnh;JPN;N312;;San;Sanin Expressway Amanohashidate;jpn.n312san;
jpnh;JPN;N313;;;;jpn.n313;
jpnh;JPN;N313;;Kan;Kannabe Old Road;jpn.n313kan;
jpnh;JPN;N313;;Kur;Kurayoshi Old Road;jpn.n313kur;
jpnh;JPN;N314;;;;jpn.n314;
jpnh;JPN;N315;;;;jpn.n315;
jpnh;JPN;N316;;;;jpn.n316;
jpnh;JPN;N317;;;;jpn.n317;
jpnh;JPN;N317;;Aok;Aokage Old Road;jpn.n317aok;
jpnh;JPN;N317;;Hak;Hakatajima;jpn.n317hak;
jpnh;JPN;N317;;Iku;Ikuchijima;jpn.n317iku;
jpnh;JPN;N317;;Inn;Innoshima;jpn.n317inn;
jpnh;JPN;N317;;Muk;Mukaishima;jpn.n317muk;
jpnh;JPN;N317;;Omi;Ōmishima;jpn.n317omi;
jpnh;JPN;N317;;Osh;Ōshima;jpn.n317osh;
jpnh;JPN;N317;;Set;Nishi Seto Expressway;jpn.n317set;
jpnh;JPN;N318;;;;jpn.n318;
jpnh;JPN;N319;;;;jpn.n319;
jpnh;JPN;N320;;;;jpn.n320;
jpnh;JPN;N320;;Uwa;Uwajima Spur;jpn.n320uwa;
jpnh;JPN;N321;;;;jpn.n321;
jpnh;JPN;N322;;;;jpn.n322;
jpnh;JPN;N322;;Aki;Akizuki Old Road;jpn.n322aki;
jpnh;JPN;N322;;Kit;Kitagata Old Road;jpn.n322kit;
jpnh;JPN;N322;;Kok;Kokuraminami Old Road;jpn.n322kok;
jpnh;JPN;N322;;Shi;Shimoura Old Road;jpn.n322shi;
jpnh;JPN;N322;;Tag;Tagawa Old Road;jpn.n322tag;
jpnh;JPN;N322;;Yam;Yamada Old Road;jpn.n322yam;
jpnh;JPN;N323;;;;jpn.n323;
jpnh;JPN;N324;;;Nagasaki;jpn.n324;
jpnh;JPN;N324;;Ama;Amakusa;jpn.n324ama;
jpnh;JPN;N324;;Hon;Hondaka Bypass;jpn.n324hon;
jpnh;JPN;N324;;Mat;Matsushima Toll Road;jpn.n324mat;
jpnh;JPN;N324;;Mis;Misumi-Oyano Road;jpn.n324mis;
jpnh;JPN;N324;;Nag;Nagasaki Spur;jpn.n324nag;
jpnh;JPN;N325;;;;jpn.n325;
jpnh;JPN;N325;;Aka;Akahoshi Old Road;jpn.n325aka;
jpnh;JPN;N326;;;;jpn.n326;
jpnh;JPN;N327;;;;jpn.n327;
jpnh;JPN;N327;;Hyu;Hyuga Bypass;jpn.n327hyu;
jpnh;JPN;N327;;Mat;Matsuo Old Road;jpn.n327mat;
jpnh;JPN;N327;;Shi;Shiiba Old Road;jpn.n327shi;
jpnh;JPN;N328;;;;jpn.n328;
jpnh;JPN;N329;;;;jpn.n329;
jpnh;JPN;N329;;Hae;Haebaru Bypass;jpn.n329hae;
jpnh;JPN;N329;;Kin;Kin Old Road;jpn.n329kin;
jpnh;JPN;N329;;Yon;Yonabaru Bypass;jpn.n329yon;
jpnh;JPN;N330;;;;jpn.n330;
jpnh;JPN;N331;;;;jpn.n331;
jpnh;JPN;N331;;Fut;Futami Old Road;jpn.n331fut;
jpnh;JPN;N331;;Kin;Kin Old Road;jpn.n331kin;
jpnh;JPN;N331;;Nak;Nakayama Old Road;jpn.n331nak;
jpnh;JPN;N331;;Oro;Oroku Bypass;jpn.n331oro;
jpnh;JPN;N332;;;;jpn.n332;
jpnh;JPN;N333;;;;jpn.n333;
jpnh;JPN;N334;;;;jpn.n334;
jpnh;JPN;N335;;;;jpn.n335;
jpnh;JPN;N336;;;;jpn.n336;
jpnh;JPN;N336;;Ura;Urahoro Road;jpn.n336ura;
jpnh;JPN;N337;;;;jpn.n337;
jpnh;JPN;N337;;Doo;Dōō Renraku Road;jpn.n337doo;
jpnh;JPN;N337;;Nak;Nakajurin Road;jpn.n337nak;
jpnh;JPN;N338;;;Hakodate;jpn.n338;
jpnh;JPN;N338;;Aom;Aomori;jpn.n338aom;
jpnh;JPN;N338;;Obu;Obuchi Bypass;jpn.n338obu;
jpnh;JPN;N338;;Omi;Ōminato Bypass;jpn.n338omi;
jpnh;JPN;N338;;Uso;Usori Bypass;jpn.n338uso;
jpnh;JPN;N339;;;;jpn.n339;
jpnh;JPN;N339;;Gos;Goshogawara Kita Bypass;jpn.n339gos;
jpnh;JPN;N339;;Ita;Itayanagi Bypass;jpn.n339ita;
jpnh;JPN;N340;;;;jpn.n340;
jpnh;JPN;N340;;Osh;Oshikado Pass Old Road;jpn.n340osh;
jpnh;JPN;N341;;;;jpn.n341;
jpnh;JPN;N342;;;;jpn.n342;
jpnh;JPN;N343;;;;jpn.n343;
jpnh;JPN;N344;;;;jpn.n344;
jpnh;JPN;N344;;Yas;Yasuda Old Road;jpn.n344yas;
jpnh;JPN;N345;;;;jpn.n345;
jpnh;JPN;N345;;Tok;Tōkōsen Bypass;jpn.n345tok;
jpnh;JPN;N346;;;;jpn.n346;
jpnh;JPN;N346;;Mot;Motoyoshi Bypass;jpn.n346mot;
jpnh;JPN;N347;;;;jpn.n347;
jpnh;JPN;N347;;Osa;Osaki Bypass;jpn.n347osa;
jpnh;JPN;N348;;;;jpn.n348;
jpnh;JPN;N349;;;;jpn.n349;
jpnh;JPN;N349;;Bai;Baikō Tunnel;jpn.n349bai;
jpnh;JPN;N349;;Hit;Hitachiōta Old Road;jpn.n349hit;
jpnh;JPN;N349;;Yam;Yamakami Old Road;jpn.n349yam;
jpnh;JPN;N350;;;Niigata;jpn.n350;
jpnh;JPN;N350;;Joe;Jōetsu;jpn.n350joe;
jpnh;JPN;N350;;Sad;Sadoshima;jpn.n350sad;
jpnh;JPN;N351;;;;jpn.n351;
jpnh;JPN;N351;;Nag;Nagaoka Spur;jpn.n351nag;
jpnh;JPN;N352;;;Niigata;jpn.n352;
jpnh;JPN;N352;;Ika;Ikari Old Road;jpn.n352ika;
jpnh;JPN;N352;;Kin;Kinugawa Bypass;jpn.n352kin;
jpnh;JPN;N352;;Kon;Kinugawa Onsen Old Road;jpn.n352kon;
jpnh;JPN;N352;;Oku;Ōkuwa Old Road;jpn.n352oku;
jpnh;JPN;N352;;Toc;Tochigi;jpn.n352toc;
jpnh;JPN;N353;;;Gunma;jpn.n353;
jpnh;JPN;N353;;Nak;Nakanojo Bypass;jpn.n353nak;
jpnh;JPN;N353;;Nii;Niigata;jpn.n353nii;
jpnh;JPN;N354;;;;jpn.n354;
jpnh;JPN;N354;;Ban;Banchō-Mitsukaidō Old Road;jpn.n354ban;
jpnh;JPN;N354;;Iwa;Sakai-Iwai Bypass;jpn.n354iwa;
jpnh;JPN;N354;;Kog;Koga Spur;jpn.n354kog;
jpnh;JPN;N355;;;;jpn.n355;
jpnh;JPN;N355;;Ish;Ishioka Old Road;jpn.n355ish;
jpnh;JPN;N355;;Iwa;Iwama Old Road;jpn.n355iwa;
jpnh;JPN;N355;;Kas;Kasama Bypass;jpn.n355kas;
jpnh;JPN;N355;;Ush;Ushibori-Asou Bypass;jpn.n355ush;
jpnh;JPN;N356;;;;jpn.n356;
jpnh;JPN;N356;;Abi;Abiko Bypass;jpn.n356abi;
jpnh;JPN;N356;;Cho;Chōshi Old Road;jpn.n356cho;
jpnh;JPN;N356;;Inz;Inzai Old Road;jpn.n356inz;
jpnh;JPN;N356;;Kat;Katori Old Road;jpn.n356kat;
jpnh;JPN;N356;;Omi;Omigawa-Tonosho Bypass;jpn.n356omi;
jpnh;JPN;N357;;;Tōkyō;jpn.n357;
jpnh;JPN;N357;;Kaw;Kawasaki;jpn.n357kaw;
jpnh;JPN;N357;;Shi;Shinagawa Spur;jpn.n357shi;
jpnh;JPN;N357;;Yok;Yokohama;jpn.n357yok;
jpnh;JPN;N358;;;;jpn.n358;
jpnh;JPN;N359;;;;jpn.n359;
jpnh;JPN;N359;;Kat;Kanazawa Katatamachi Old Road;jpn.n359kat;
jpnh;JPN;N359;;Ton;Tonami Old Road;jpn.n359ton;
jpnh;JPN;N360;;;Toyama;jpn.n360;
jpnh;JPN;N360;;Ish;Ishikawa;jpn.n360ish;
jpnh;JPN;N361;;;;jpn.n361;
jpnh;JPN;N362;;;;jpn.n362;
jpnh;JPN;N362;;Miy;Miyaguchi Bypass;jpn.n362miy;
jpnh;JPN;N362;;Yam;Yamazaki Old Road;jpn.n362yam;
jpnh;JPN;N363;;;;jpn.n363;
jpnh;JPN;N363;;Set;Seto Bypass;jpn.n363set;
jpnh;JPN;N363;;Tsu;Toki Tsurusatochō Bypass;jpn.n363tsu;
jpnh;JPN;N364;;;;jpn.n364;
jpnh;JPN;N364;;Tan;Taniguchi Bypass;jpn.n364tan;
jpnh;JPN;N365;;;;jpn.n365;
jpnh;JPN;N366;;;;jpn.n366;
jpnh;JPN;N366;;Han;Handa-Ōbu Bypass;jpn.n366han;
jpnh;JPN;N367;;;;jpn.n367;
jpnh;JPN;N368;;;;jpn.n368;
jpnh;JPN;N369;;;;jpn.n369;
jpnh;JPN;N369;;Uda;Uda Old Road;jpn.n369uda;
jpnh;JPN;N370;;;;jpn.n370;
jpnh;JPN;N370;;Fuk;Fukuda Old Road;jpn.n370fuk;
jpnh;JPN;N370;;Kai;Kainan Old Road;jpn.n370kai;
jpnh;JPN;N370;;Kat;Katsurase Old Road;jpn.n370kat;
jpnh;JPN;N370;;Kim;Kimino Old Road;jpn.n370kim;
jpnh;JPN;N371;;;Kawachinagano;jpn.n371;
jpnh;JPN;N371;;Ama;Amami Old Road;jpn.n371ama;
jpnh;JPN;N371;;Has;Hashimoto Spur;jpn.n371has;
jpnh;JPN;N371;;Kaw;Kawachinagano Spur;jpn.n371kaw;
jpnh;JPN;N371;;Koy;Koyasan Bypass;jpn.n371koy;
jpnh;JPN;N371;;Kus;Kushimoto;jpn.n371kus;
jpnh;JPN;N372;;;;jpn.n372;
jpnh;JPN;N372;;San;Sanyō Connector;jpn.n372san;
jpnh;JPN;N373;;;;jpn.n373;
jpnh;JPN;N373;;Kom;Tottori Expressway Komagaeri;jpn.n373kom;
jpnh;JPN;N373;;Sak;Tottori Expressway Sakane;jpn.n373sak;
jpnh;JPN;N374;;;;jpn.n374;
jpnh;JPN;N374;;MOR;Mimasaka-Okayama Road;jpn.n374mor;
jpnh;JPN;N375;;;;jpn.n375;
jpnh;JPN;N375;;Fuk;Fukutomi Bypass;jpn.n375fuk;
jpnh;JPN;N376;;;;jpn.n376;
jpnh;JPN;N377;;;;jpn.n377;
jpnh;JPN;N378;;;;jpn.n378;
jpnh;JPN;N378;;Ike;Ikenoura Old Road;jpn.n378ike;
jpnh;JPN;N379;;;;jpn.n379;
jpnh;JPN;N380;;;;jpn.n380;
jpnh;JPN;N381;;;;jpn.n381;
jpnh;JPN;N382;;;Tsushima;jpn.n382;
jpnh;JPN;N382;;Iki;Ikishima;jpn.n382iki;
jpnh;JPN;N382;;Kar;Karatsu;jpn.n382kar;
jpnh;JPN;N383;;;;jpn.n383;
jpnh;JPN;N383;;Hir;Hirado Old Road;jpn.n383hir;
jpnh;JPN;N384;;;Fukuejima;jpn.n384;
jpnh;JPN;N384;;Nak;Nakadorijima;jpn.n384nak;
jpnh;JPN;N384;;Sas;Sasebo;jpn.n384sas;
jpnh;JPN;N385;;;;jpn.n385;
jpnh;JPN;N385;;Kan;Kanzaki Old Road;jpn.n385kan;
jpnh;JPN;N385;;Oka;Okawa Old Road;jpn.n385oka;
jpnh;JPN;N385;;Sak;Sakamoto Pass Old Road;jpn.n385sak;
jpnh;JPN;N386;;;;jpn.n386;
jpnh;JPN;N386;;Asa;Asakura Old Road;jpn.n386asa;
jpnh;JPN;N387;;;;jpn.n387;
jpnh;JPN;N388;;;;jpn.n388;
jpnh;JPN;N389;;;Ōmuta;jpn.n389;
jpnh;JPN;N389;;Aku;Akune;jpn.n389aku;
jpnh;JPN;N389;;Ama;Amakusa;jpn.n389ama;
jpnh;JPN;N389;;Oda;Odayuka Old Road;jpn.n389oda;
jpnh;JPN;N389;;Shi;Shimabara;jpn.n389shi;
jpnh;JPN;N389;;Tai;Taira Bypass;jpn.n389tai;
jpnh;JPN;N390;;;Ishigaki;jpn.n390;
jpnh;JPN;N390;;Ish;Ishigaki Bypass;jpn.n390ish;
jpnh;JPN;N390;;Miy;Miyakojima;jpn.n390miy;
jpnh;JPN;N390;;Oki;Okinawa;jpn.n390oki;
jpnh;JPN;N391;;;;jpn.n391;
jpnh;JPN;N392;;;;jpn.n392;
jpnh;JPN;N393;;;;jpn.n393;
jpnh;JPN;N394;;;;jpn.n394;
jpnh;JPN;N394;;Eno;Enoki Bypass;jpn.n394eno;
jpnh;JPN;N394;;Obu;Obuchi Bypass;jpn.n394obu;
jpnh;JPN;N395;;;;jpn.n395;
jpnh;JPN;N396;;;;jpn.n396;
jpnh;JPN;N397;;;;jpn.n397;
jpnh;JPN;N398;;;;jpn.n398;
jpnh;JPN;N398;;Ish;Ishinomaki Bypass;jpn.n398ish;
jpnh;JPN;N398;;Kur;Kuretsubo Old Road;jpn.n398kur;
jpnh;JPN;N398;;Ona;Onagawa Bypass;jpn.n398ona;
jpnh;JPN;N398;;Tar;Tarada Old Road;jpn.n398tar;
jpnh;JPN;N398;;Ura;Urashuku Spur;jpn.n398ura;
jpnh;JPN;N398;;Yuz;Yuzawa Bypass;jpn.n398yuz;
jpnh;JPN;N399;;;;jpn.n399;
jpnh;JPN;N399;;Iza;Iizaka Bypass;jpn.n399iza;
jpnh;JPN;N399;;Nan;Nanyō Old Road;jpn.n399nan;
jpnh;JPN;N399;;Oga;Ogawamachi Old Road;jpn.n399oga;
jpnh;JPN;N399;;Shi;Shimokawauchi Old Road;jpn.n399shi;
jpnh;JPN;N400;;;;jpn.n400;
jpnh;JPN;N400;;Mis;Mishima Old Road;jpn.n400mis;
jpnh;JPN;N401;;;Fukushima;jpn.n401;
jpnh;JPN;N401;;Gun;Gunma;jpn.n401gun;
jpnh;JPN;N401;;Hak;Hakase Old Road;jpn.n401hak;
jpnh;JPN;N402;;;;jpn.n402;
jpnh;JPN;N403;;;;jpn.n403;
jpnh;JPN;N403;;Kam;Kamo Spur;jpn.n403kam;
jpnh;JPN;N403;;Nii;Niitsu Bypass;jpn.n403nii;
jpnh;JPN;N404;;;;jpn.n404;
jpnh;JPN;N404;;Nag;Nagaoka East-West Road;jpn.n404nag;
jpnh;JPN;N405;;;Gunma;jpn.n405;
jpnh;JPN;N405;;Nii;Niigata;jpn.n405nii;
jpnh;JPN;N406;;;;jpn.n406;
jpnh;JPN;N407;;;;jpn.n407;
jpnh;JPN;N407;;Tsu;Tsurugashima Old Road;jpn.n407tsu;
jpnh;JPN;N408;;;;jpn.n408;
jpnh;JPN;N408;;Mok;Moka Bypass;jpn.n408mok;
jpnh;JPN;N408;;Ush;Ushiku Old Road;jpn.n408ush;
jpnh;JPN;N408;;Uts;Utsunomiya-Takanezawa Bypass;jpn.n408uts;
jpnh;JPN;N409;;;;jpn.n409;
jpnh;JPN;N409;;Mob;Mobara-Ichinomiya Road;jpn.n409mob;
jpnh;JPN;N410;;;;jpn.n410;
jpnh;JPN;N410;;Kis;Kisarazu Spur;jpn.n410kis;
jpnh;JPN;N410;;Kur;Kururi Old Road;jpn.n410kur;
jpnh;JPN;N410;;Oto;Otomi Old Road;jpn.n410oto;
jpnh;JPN;N410;;Tat;Tateyama Old Road;jpn.n410tat;
jpnh;JPN;N411;;;;jpn.n411;
jpnh;JPN;N411;;Jot;Jōtō Bypass;jpn.n411jot;
jpnh;JPN;N412;;;;jpn.n412;
jpnh;JPN;N413;;;;jpn.n413;
jpnh;JPN;N413;;Aon;Aonohara Old Road;jpn.n413aon;
jpnh;JPN;N414;;;;jpn.n414;
jpnh;JPN;N414;;Ama;Amagi Tunnel Old Road;jpn.n414ama;
jpnh;JPN;N414;;Kaw;Kawazu-Shimoda Road;jpn.n414kaw;
jpnh;JPN;N414;;Shi;Shizuura Bypass;jpn.n414shi;
jpnh;JPN;N415;;;;jpn.n415;
jpnh;JPN;N416;;;;jpn.n416;
jpnh;JPN;N416;;Eih;Eiheiji Bypass;jpn.n416eih;
jpnh;JPN;N416;;Fus;Hakuko-Fuseda Bypass;jpn.n416fus;
jpnh;JPN;N417;;;Gifu;jpn.n417;
jpnh;JPN;N417;;Ita;Itagakizaka Old Road;jpn.n417ita;
jpnh;JPN;N418;;;Gifu;jpn.n418;
jpnh;JPN;N418;;Iij;Maruyama Bypass;jpn.n418iij;
jpnh;JPN;N418;;Kam;Kamiyahagi Bypass;jpn.n418kam;
jpnh;JPN;N418;;Nag;Nagano;jpn.n418nag;
jpnh;JPN;N418;;Uru;Urugi Old Road;jpn.n418uru;
jpnh;JPN;N418;;Yao;Yaotsu Old Road;jpn.n418yao;
jpnh;JPN;N419;;;Toyota;jpn.n419;
jpnh;JPN;N419;;Tak;Takahama;jpn.n419tak;
jpnh;JPN;N420;;;;jpn.n420;
jpnh;JPN;N421;;;;jpn.n421;
jpnh;JPN;N422;;;Otsu;jpn.n422;
jpnh;JPN;N422;;Kih;Kihoku;jpn.n422kih;
jpnh;JPN;N422;;Oda;Odai;jpn.n422oda;
jpnh;JPN;N423;;;;jpn.n423;
jpnh;JPN;N423;;Min;Minō Green Road;jpn.n423min;
jpnh;JPN;N424;;;;jpn.n424;
jpnh;JPN;N424;;Ari;Aridagawa Old Road;jpn.n424ari;
jpnh;JPN;N424;;Kai;Kainan Old Road;jpn.n424kai;
jpnh;JPN;N424;;Kir;Kirimetsuji Old Road;jpn.n424kir;
jpnh;JPN;N424;;Min;Minabe Old Road;jpn.n424min;
jpnh;JPN;N425;;;;jpn.n425;
jpnh;JPN;N425;;Tot;Totsukawa Old Road;jpn.n425tot;
jpnh;JPN;N426;;;;jpn.n426;
jpnh;JPN;N427;;;;jpn.n427;
jpnh;JPN;N427;;Kan;Kandechō Old Road;jpn.n427kan;
jpnh;JPN;N428;;;;jpn.n428;
jpnh;JPN;N429;;;;jpn.n429;
jpnh;JPN;N429;;Eyo;Eyomi Bypass;jpn.n429eyo;
jpnh;JPN;N430;;;;jpn.n430;
jpnh;JPN;N431;;;;jpn.n431;
jpnh;JPN;N431;;Hay;East Hayashigi Bypass;jpn.n431hay;
jpnh;JPN;N431;;Mih;Mihoseki Bypass;jpn.n431mih;
jpnh;JPN;N432;;;;jpn.n432;
jpnh;JPN;N432;;Shi;Shigenaga Bypass;jpn.n432shi;
jpnh;JPN;N433;;;;jpn.n433;
jpnh;JPN;N434;;;;jpn.n434;
jpnh;JPN;N434;;Sug;Sugawa Old Road;jpn.n434sug;
jpnh;JPN;N435;;;;jpn.n435;
jpnh;JPN;N436;;;Himeji;jpn.n436;
jpnh;JPN;N436;;Sho;Shōdoshima;jpn.n436sho;
jpnh;JPN;N436;;Tak;Takamatsu;jpn.n436tak;
jpnh;JPN;N437;;;Matsuyama;jpn.n437;
jpnh;JPN;N437;;Kug;Kuga;jpn.n437kug;
jpnh;JPN;N437;;Osh;Ōshima Ōhashi Connector;jpn.n437osh;
jpnh;JPN;N438;;;;jpn.n438;
jpnh;JPN;N438;;Han;Hanzan Bypass;jpn.n438han;
jpnh;JPN;N438;;HaS;Hanzan Bypass South;jpn.n438has;
jpnh;JPN;N438;;Oka;Okada Bypass;jpn.n438oka;
jpnh;JPN;N438;;San;Sanagochi Old Road;jpn.n438san;
jpnh;JPN;N438;;Tsu;Tsurugi Old Road;jpn.n438tsu;
jpnh;JPN;N439;;;;jpn.n439;
jpnh;JPN;N439;;Yas;Higashi Yasugeoi Old Road;jpn.n439yas;
jpnh;JPN;N440;;;;jpn.n440;
jpnh;JPN;N440;;Mis;Misaka Pass Road;jpn.n440mis;
jpnh;JPN;N441;;;;jpn.n441;
jpnh;JPN;N442;;;;jpn.n442;
jpnh;JPN;N442;;Kin;Kinoue Old Road;jpn.n442kin;
jpnh;JPN;N442;;Kuj;Kujumachi Old Road;jpn.n442kuj;
jpnh;JPN;N442;;Yam;Yame Branch;jpn.n442yam;
jpnh;JPN;N443;;;;jpn.n443;
jpnh;JPN;N443;;Aka;Akahoshi Old Road;jpn.n443aka;
jpnh;JPN;N443;;Mit;Mitsuhashi-Setaka Bypass;jpn.n443mit;
jpnh;JPN;N443;;Yam;Yamakawa Old Road;jpn.n443yam;
jpnh;JPN;N444;;;;jpn.n444;
jpnh;JPN;N444;;Ari;Ariake-Engan Road;jpn.n444ari;
jpnh;JPN;N445;;;;jpn.n445;
jpnh;JPN;N446;;;;jpn.n446;
jpnh;JPN;N447;;;;jpn.n447;
jpnh;JPN;N448;;;Ibusuki;jpn.n448;
jpnh;JPN;N448;;Shi;Shibushi;jpn.n448shi;
jpnh;JPN;N449;;;;jpn.n449;
jpnh;JPN;N449;;Awa;Awa Old Road;jpn.n449awa;
jpnh;JPN;N449;;Nag;Nago Bypass;jpn.n449nag;
jpnh;JPN;N450;;;Asahikawa-Monbetsu Expwy;jpn.n450;
jpnh;JPN;N451;;;;jpn.n451;
jpnh;JPN;N451;;Tak;Takushin Bypass;jpn.n451tak;
jpnh;JPN;N452;;;;jpn.n452;
jpnh;JPN;N452;;Bie;Biei Segment;jpn.n452bie;
jpnh;JPN;N453;;;;jpn.n453;
jpnh;JPN;N454;;;;jpn.n454;
jpnh;JPN;N455;;;;jpn.n455;
jpnh;JPN;N455;;Mor;Morioka;jpn.n455mor;
jpnh;JPN;N456;;;;jpn.n456;
jpnh;JPN;N457;;;;jpn.n457;
jpnh;JPN;N457;;Nen;Nenoshiroishi Old Road;jpn.n457nen;
jpnh;JPN;N458;;;;jpn.n458;
jpnh;JPN;N459;;;;jpn.n459;
jpnh;JPN;N459;;Fuj;Fujisawa Old Road;jpn.n459fuj;
jpnh;JPN;N460;;;;jpn.n460;
jpnh;JPN;N460;;Mak;Maki Minami Bypass;jpn.n460mak;
jpnh;JPN;N461;;;;jpn.n461;
jpnh;JPN;N462;;;;jpn.n462;
jpnh;JPN;N463;;;;jpn.n463;
jpnh;JPN;N463;;Tok;Tokorozawa-Iruma Bypass;jpn.n463tok;
jpnh;JPN;N463;;Ura;Urawa Old Road;jpn.n463ura;
jpnh;JPN;N464;;;;jpn.n464;
jpnh;JPN;N464;;Kch;Kita Chiba Road;jpn.n464kch;
jpnh;JPN;N465;;;;jpn.n465;
jpnh;JPN;N465;;Fut;Futtsu Spur;jpn.n465fut;
jpnh;JPN;N466;;;;jpn.n466;
jpnh;JPN;N467;;;;jpn.n467;
jpnh;JPN;N468;;;;jpn.n468;
jpnh;JPN;N468;;Mob;Mobara;jpn.n468mob;
jpnh;JPN;N469;;;;jpn.n469;
jpnh;JPN;N469;;Got;Gotemba Bypass;jpn.n469got;
jpnh;JPN;N470;;;Noetsu Expressway;jpn.n470;
jpnh;JPN;N470;;Ana;Noetsu Expressway Anamizu;jpn.n470ana;
jpnh;JPN;N471;;;;jpn.n471;
jpnh;JPN;N471;;Tog;Toga Ohashi;jpn.n471tog;
jpnh;JPN;N471;;Yat;Yatsuomachi Old Road;jpn.n471yat;
jpnh;JPN;N472;;;Toyama;jpn.n472;
jpnh;JPN;N472;;Gif;Gifu;jpn.n472gif;
jpnh;JPN;N473;;;;jpn.n473;
jpnh;JPN;N473;;Hag;Nishihagima Connector;jpn.n473hag;
jpnh;JPN;N473;;Kan;Kanaya-Sagara Road;jpn.n473kan;
jpnh;JPN;N473;;Sag;Sagara Bypass;jpn.n473sag;
jpnh;JPN;N473;;Shi;Shimada Spur;jpn.n473shi;
jpnh;JPN;N474;;;San-En Nanshin Expwy Iida ;jpn.n474;
jpnh;JPN;N474;;Ham;San-En Nanshin Expwy Hamamatsu;jpn.n474ham;
jpnh;JPN;N474;;Ura;San-En Nanshin Expwy Urakawa ;jpn.n474ura;
jpnh;JPN;N474;;Yah;San-En Nanshin Expwy Yahazu ;jpn.n474yah;
jpnh;JPN;N475;;;MAG Road Nagoya;jpn.n475;
jpnh;JPN;N475;;Toi;MAG Road Toin;jpn.n475toi;
jpnh;JPN;N476;;;Ōno;jpn.n476;
jpnh;JPN;N476;;Tsu;Tsuruga;jpn.n476tsu;
jpnh;JPN;N477;;;;jpn.n477;
jpnh;JPN;N477;;Yag;Yagi Old Road;jpn.n477yag;
jpnh;JPN;N477;;Yok;Yokkaichi-Yunoyama Road;jpn.n477yok;
jpnh;JPN;N478;;;;jpn.n478;
jpnh;JPN;N479;;;;jpn.n479;
jpnh;JPN;N480;;;;jpn.n480;
jpnh;JPN;N481;;;;jpn.n481;
jpnh;JPN;N482;;;;jpn.n482;
jpnh;JPN;N482;;Tan;Tango-Yaei Road;jpn.n482tan;
jpnh;JPN;N483;;;;jpn.n483;
jpnh;JPN;N484;;;;jpn.n484;
jpnh;JPN;N485;;;Dōgojima;jpn.n485;
jpnh;JPN;N485;;Mat;Matsue;jpn.n485mat;
jpnh;JPN;N485;;Mih;Mihoseki Bypass;jpn.n485mih;
jpnh;JPN;N485;;Nis;Nishinoshima;jpn.n485nis;
jpnh;JPN;N486;;;;jpn.n486;
jpnh;JPN;N486;;Kan;Kannabe Old Road;jpn.n486kan;
jpnh;JPN;N487;;;Kure;jpn.n487;
jpnh;JPN;N487;;Eta;Etajima;jpn.n487eta;
jpnh;JPN;N487;;Hir;Hiroshima;jpn.n487hir;
jpnh;JPN;N487;;Keg;Kegoya-Ondo Bypass;jpn.n487keg;
jpnh;JPN;N487;;Ond;Ondochō Spur;jpn.n487ond;
jpnh;JPN;N488;;;;jpn.n488;
jpnh;JPN;N488;;Hik;Hikimichō Old Road;jpn.n488hik;
jpnh;JPN;N488;;Yuk;Yukichō Old Road;jpn.n488yuk;
jpnh;JPN;N489;;;;jpn.n489;
jpnh;JPN;N490;;;;jpn.n490;
jpnh;JPN;N491;;;;jpn.n491;
jpnh;JPN;N491;;Nag;Nagato-Mine Line;jpn.n491nag;
jpnh;JPN;N492;;;;jpn.n492;
jpnh;JPN;N492;;Ana;Anabuki Bypass;jpn.n492ana;
jpnh;JPN;N492;;Yas;Higashi Yasugeoi Old Road;jpn.n492yas;
jpnh;JPN;N493;;;;jpn.n493;
jpnh;JPN;N493;;Kit;Kitagawa-Nahari Road;jpn.n493kit;
jpnh;JPN;N493;;Wad;Wada Tunnel Kitagawa Road;jpn.n493wad;
jpnh;JPN;N494;;;;jpn.n494;
jpnh;JPN;N494;;Sak;Sakawa-Asō Bypass;jpn.n494sak;
jpnh;JPN;N495;;;;jpn.n495;
jpnh;JPN;N495;;Tak;Takenami Bypass;jpn.n495tak;
jpnh;JPN;N496;;;;jpn.n496;
jpnh;JPN;N496;;Miy;Miyako Old Road;jpn.n496miy;
jpnh;JPN;N497;;;Nishi Kyūshū Expwy Sasebo section;jpn.n497;
jpnh;JPN;N497;;Fuk;Nishi Kyūshū Expwy Fukuoka section;jpn.n497fuk;
jpnh;JPN;N497;;Kar;Nishi Kyūshū Expwy Karatsu section;jpn.n497kar;
jpnh;JPN;N497;;Mat;Nishi Kyūshū Expwy Matsuura section;jpn.n497mat;
jpnh;JPN;N498;;;;jpn.n498;
jpnh;JPN;N498;;Kur;Kurinoki Pass Old Road;jpn.n498kur;
jpnh;JPN;N499;;;;jpn.n499;
jpnh;JPN;N499;;Aku;Akune;jpn.n499aku;
jpnh;JPN;N500;;;;jpn.n500;
jpnh;JPN;N500;;Ega;Egawa Old Road;jpn.n500ega;
jpnh;JPN;N500;;Inn;Innai Old Road;jpn.n500inn;
jpnh;JPN;N501;;;;jpn.n501;
jpnh;JPN;N502;;;;jpn.n502;
jpnh;JPN;N503;;;;jpn.n503;
jpnh;JPN;N504;;;;jpn.n504;
jpnh;JPN;N504;;Hok;Hokusatsu-Ōdan Road;jpn.n504hok;
jpnh;JPN;N504;;Kih;Kihoku Old Road;jpn.n504kih;
jpnh;JPN;N504;;Sat;Satsuma Road;jpn.n504sat;
jpnh;JPN;N505;;;;jpn.n505;
jpnh;JPN;N506;;;Naha Airport Expressway;jpn.n506;
jpnh;JPN;N507;;;;jpn.n507;
jpnh;JPN;N507;;Tsu;Tsukazan Bypass;jpn.n507tsu;

